,Band,Album,Year,(Original) Label,Producer,Album No.,Band Average Age,Band Origin,Album Length,Average Song Length,Score,AOTY.com Aggregate Reverse Critic Scores,AOTY.com Aggregate Reverse User Score,U.S. Platinum Records (Per Metal Kingdom RIAA),"Popoff 2003 Poll/Book 
(Top 500)",Ranker.com Top 500 Metal Albums of All Time,"Digital Dream.com 
Top 200 Greatest Metal Albums","Metalstorm.net
(Top 200)","Rolling Stone 
(Top 100)",Kerrang (Top 100),Hit Parader (2005) (Top 100),Treble's Top 100 Metal Albums,"Metal Rules.com
(Top 100)",IGN Top 25 Metal Albums + Honourable Mentions,NME.com (Top 80),"Loudwire Greatest Metal/Hard Rock Albums of the 70s
(Top 70)","Loudwire Greatest Metal/Hard Rock Albums of the 80s
(Top 70)","Loudwire Greatest Metal/Hard Rock Albums of the 90s
(Top 70)","Revolver 
(Top 69)","Music Radar.com 
(Top 50)",Loudwire (Top 50),Loudwire 50 Ground-breaking Metal & Hard Rock Albums,Metalhammer 50 Best Metal Albums of the Past 50 Years,"Ultimate Classic Rock
50 Classic Heavy Metal Albums","Sound of the Beast (Christie, 2004)","Spin 
(Top 40)",Loudwire Great Heavy Metal Albums of Each Year,LA Weekly (Top 20),Merciless Book of Metal Lists,"Watch Mojo Most Important Heavy Metal Albums
(Top 10 + 5)",Rolling Stone Top 500 Albums (2020),"Gibson.com
11 Essential Metal Albums",Loud Wire Best Metal songs of Each Year (11/22/45),Popoff 2003 Poll/Book (Top 500 Songs) Highest Score,Junkee 100 Greatest Metal Albums,Ozzy Osbourne,Lars Ulrich
1,Metallica,Master of Puppets,3-Mar-86,Elektra,Flemming Rasmussen,3,22.75,"California, USA",0:54:47,0:06:50,14.47,2,13,-6,1,1,2,6,2,7,18,5,1,1,71,71,2,71,1,1,2,51,25,25,26,4,11,10,12,2,5,5.5,22,2,101,5,16
2,Black Sabbath,Paranoid,18-Sep-80,Warner,Rodger Bain,2,21.5,"Birmingham, UK",0:41:51,0:05:13,15.56,3,12,-4,6,3,1,7,1,39,6,1,24,2,9,2,71,71,3,7,1,51,51,25,26,3,11,2,21,16,6,5.5,22,1,25,11,16
3,Slayer,Reign in Blood,7-Oct-86,Def Jam,Rick Rubin,3,,"California, USA",,,19.63,27,18,0,3,19,4,20,6,27,37,2,5,7,81,71,5,71,4,5,4,25,51,25,26,13,23,1,3,5,15,5.5,11,5,18,11,16
4,Iron Maiden,The Number of the Beast,22-Mar-82,EMI,Martin Birch,3,,"London, UK",,,19.89,15,15,-1,2,15,3,8,4,65,58,3,2,3,29,71,4,71,10,2,3,51,51,25,26,24,11,21,2,3,15,5.5,11,6,101,11,7.5
5,Metallica,Ride the Lightning,27-Jul-84,Elektra,Flemming Rasmussen,2,,"California, USA",,,22.31,0,12,-6,4,4,6,5,11,16,101,17,3,5,45,71,13,71,30,4,8,51,51,25,12.5,41,23,21,4,16,15,12,11,21,101,11,16
6,Black Sabbath,Black Sabbath,13-Feb-70,Warner,,1,,"Birmingham, UK",,,22.82,3,16,-1,14,2,5,25,5,31,101,6,17,13,12,10,71,71,70,37,16,25,25,25,12.5,41,23,6,1,1,12,12,11,15,101,11,16
7,Megadeth,Rust in Peace,24-Sep-90,Capitol,,4,,"California, USA",,,28.19,12,15,-1,11,12,8,2,19,101,101,15,16,4,42,71,71,9,54,6,33,51,51,25,26,41,11,14,21,6,15,12,11,16,101,5,16
8,Iron Maiden,Powerslave,3-Sep-84,EMI,,5,,"London, UK",,,28.58,20,15,-1,13,7,11,10,38,101,24,14,6,26,31,71,24,71,70,10,35,51,51,25,26,41,11,21,21,16,15,12,45,55,89,11,16
9,Black Sabbath,Master of Reality,21-Jul-71,Warner,,3,,"Birmingham, UK",,,29.61,13,15,-2,25,5,7,30,34,53,22,30,55,26,81,17,71,71,70,16,10,51,51,25,26,41,11,7,21,16,8,12,11,53,14,11,16
10,Dio,Holy Diver,25-May-83,Warner,,1,,Various,,,31.26,23,20,-1,17,23,20,22,16,101,101,75,8,8,17,71,17,71,57,27,17,51,25,25,26,41,11,21,21,11,15,12,11,30,101,11,16
11,Judas Priest,Screaming for Vengeance,17-Jul-82,Columbia,,8,,"Birmingham, UK",,,31.48,22,19,-2,12,11,18,94,12,46,13,101,10,15,81,71,8,71,14,51,7,51,51,25,26,41,23,21,21,16,15,12,45,18,83,11,16
12,Queensryche,Operation Mindcrime,3-May-88,EMI,,3,,"Washington, USA",,,33.74,10,22,-1,7,45,24,21,67,34,38,101,11,24,58,71,15,71,63,51,24,51,51,25,26,41,11,21,21,16,15,12,45,130,101,11,16
13,Motörhead,Ace of Spades,8-Nov-80,Bronze,,4,,,,,33.79,5,17,0,43,13,10,125,101,58,47,9,37,10,50,71,16,71,31,51,12,51,51,25,26,41,23,4,21,10,13,5.5,45,3,101,5,16
14,AC/DC,Back in Black,,Atlantic,,7,,,,,34.73,6,24,-29,5,27,201,59,101,10,5,101,4,85,1,71,3,71,6,8,51,51,51,51,12.5,5,23,21,21,16,3,12,45,9,101,11,16
15,Ozzy Osbourne,Blizzard of Ozz,,Jet,,1,,,,,35.06,10,18,-4,15,9,14,201,9,101,101,101,19,6,55,71,7,71,13,19,6,25,51,25,26,26,23,17,21,4,15,12,11,4,101,11,16
16,Judas Priest,British Steel,,Columbia,,6,,,,,35.47,27,21,-1,21,17,49,201,3,101,34,19,21,26,24,71,36,71,70,18,31,51,51,25,26,10,23,18,6,9,15,5.5,45,57,50,5,16
17,Slayer,Seasons in the Abyss,,Def American,Rick Rubin,5,,,,,36.90,16,17,0,28,29,36,44,31,101,101,74,9,26,65,71,71,11,70,20,22,51,25,51,26,41,23,21,21,16,15,12,45,40,101,11,16
18,Black Sabbath,Heaven and Hell,,,,9,,,,,37.19,22,22,-1,16,14,58,27,37,101,101,101,43,26,5,71,10,71,70,51,23,51,51,25,26,41,11,16,21,16,15,12,22,11,101,11,16
19,Metallica,And Justice for All…,,,,4,,,,,37.29,24,18,-8,19,22,35,77,21,42,101,31,72,9,28,71,63,71,70,11,51,51,51,51,26,41,23,21,21,16,15,12,11,13,81,11,16
20,Metallica,Kill Em All,,,,1,,,,,37.65,8,17,-3,18,16,12,201,35,29,30,101,20,26,81,71,33,71,70,23,32,25,51,25,26,41,23,21,21,16,15,12,45,50,101,11,16
21,Megadeth,Peace Sells…,,,,2,,,,,37.92,10,16,-1,31,10,23,122,8,101,101,70,25,26,81,71,14,71,70,42,9,51,51,25,26,21,23,21,21,16,15,5.5,45,27,101,11,16
22,Iron Maiden,Piece of Mind,,,,4,,,,,39.29,24,18,-1,8,6,21,66,101,101,101,101,7,21,10,71,46,71,70,32,51,51,51,25,26,41,23,12,21,16,15,12,22,24,26,11,16
23,Metallica,Metallica,,,,5,,,,,39.97,17,21,-16,27,46,61,201,25,101,1,101,101,26,46,71,71,4,11,30,36,25,51,25,26,41,11,21,21,16,9,12,11,36,101,11,16
24,Rainbow,Rising,,,,2,,,,,40.37,10,19,0,39,40,17,13,48,14,101,101,101,85,81,11,71,71,70,51,20,51,51,25,12.5,41,23,21,21,16,15,12,22,37,53,11,16
25,Judas Priest,Painkiller,,,,12,,,,,40.71,13,15,0,26,28,40,4,101,101,101,101,12,26,81,71,71,12,70,44,51,51,51,25,26,41,23,13,21,16,15,12,45,12,101,11,16
26,Judas Priest,Sad Wings of Destiny,,,,2,,,,,40.81,10,21,0,34,48,9,145,101,17,101,47,38,85,81,9,71,71,70,51,18,25,25,25,26,41,11,21,21,16,15,12,11,17,101,11,16
27,Deep Purple,Machine Head,,,,6,,,,,40.90,0,18,-2,24,58,201,29,101,35,15,101,62,20,13,13,71,71,70,51,51,51,25,25,26,31,23,21,21,16,15,12,22,14,101,11,16
28,Van Halen,Van Halen,,,,1,,,,,43.10,0,20,-10,9,38,201,164,101,2,10,101,30,85,72,4,71,71,28,51,51,25,25,51,26,6,23,21,21,16,11,12,45,51,101,11,16
29,Black Sabbath,Sabbath Bloody Sabbath,,,,5,,,,,44.35,15,19,-1,33,8,39,119,101,101,101,101,36,26,81,28,71,71,70,15,51,51,51,25,26,41,11,21,21,16,15,12,11,34,101,11,16
30,Anthrax,Among the Living,,,,3,,,,,44.39,10,22,0,49,36,56,199,20,101,101,56,41,12,81,71,32,71,70,43,29,51,25,25,26,41,23,21,21,16,15,12,45,61,40,11,16
31,Black Sabbath,Vol 4,,,,4,,,,,44.65,27,18,-1,46,30,25,201,14,48,101,101,97,26,81,20,71,71,70,24,51,51,51,25,26,14,11,21,21,16,15,12,11,295,20,11,16
32,Helloween,Keeper of the Seven Keys pt. 2,,,,,,,,,45.48,30,17,0,36,78,43,33,101,101,101,101,28,85,27,71,39,71,70,51,51,25,25,51,26,41,23,21,21,16,15,12,45,119,101,11,16
33,Mercyful Fate,Don't Break the Oath,,,,,,,,,47.19,10,18,0,35,123,27,57,101,101,101,35,68,85,43,71,35,71,70,51,38,51,51,51,26,41,23,21,16,16,15,12,45,115,33,11,16
34,Motley Crue,Shout at the Devil,,,,,,,,,47.27,35,32,-4,22,70,82,201,44,101,101,101,14,16,81,71,51,71,16,51,51,51,51,25,12.5,11,23,21,21,16,15,12,45,32,101,11,16
35,Ozzy Osbourne,Diary of a Madman,,,,,,,,,47.48,25,22,-3,29,24,70,201,15,101,101,101,34,22,81,71,45,71,70,51,51,51,51,25,26,41,11,21,21,16,15,12,22,52,101,11,16
36,Exodus,Bonded by Blood,,,,,,,,,47.66,20,18,0,77,68,52,107,45,101,101,101,80,26,81,71,22,71,70,51,26,51,51,51,12.5,41,11,21,8,16,15,12,11,294,100,11,16
37,AC/DC,Highway to Hell,,,,,,,,,48.08,10,22,-7,23,18,201,114,101,101,31,101,18,85,74,21,71,71,70,17,51,51,51,51,26,17,23,21,21,16,15,5.5,45,23,101,5,16
38,Pantera,Cowboys From Hell,,,,,,,,,48.65,20,21,-1,60,20,53,187,101,101,101,101,85,19,81,71,71,18,47,13,51,25,51,51,26,41,23,15,21,8,15,12,22,42,101,5,16
39,Death,Human,,,,,,,,,48.81,10,15,0,156,102,16,31,70,101,101,79,101,85,18,71,71,29,70,51,34,25,51,51,26,41,23,21,21,16,15,12,45,501,101,11,16
40,Iron Maiden,Iron Maiden,,,,,,,,,48.90,20,22,0,63,25,33,201,13,91,101,101,40,85,81,71,71,71,70,36,45,51,25,25,26,41,23,21,21,16,15,12,45,124,101,11,16
41,Judas Priest,Stained Class,,,,,,,,,48.97,10,19,0,51,53,32,201,43,73,101,101,39,85,81,25,71,71,70,51,51,51,51,25,26,41,11,21,21,16,15,12,22,43,101,11,16
42,Mercyful Fate,Melissa,,,,,,,,,49.11,20,21,0,69,101,50,69,17,101,101,49,59,85,81,71,71,71,70,51,51,51,51,51,12.5,41,23,21,21,16,15,12,45,217,64,11,7.5
43,Black Sabbath,Sabotage,,,,,,,,,49.45,12,22,0,40,39,46,201,32,57,101,101,101,26,81,44,71,71,70,51,51,51,51,51,26,41,11,21,21,16,15,12,22,44,101,11,7.5
44,Slayer,South of Heaven,,,,,,,,,49.52,47,23,0,44,32,63,173,47,101,101,101,23,26,81,71,57,71,70,25,51,51,51,51,26,41,23,21,21,16,15,12,22,45,5,11,16
45,Judas Priest,Defenders of the Faith,,,,,,,,,49.58,27,20,-1,62,41,97,103,101,101,101,101,15,26,81,71,20,71,70,51,51,51,51,51,26,41,23,21,21,16,15,12,22,128,101,11,16
46,Motörhead,Overkill,,,,,,,,,49.82,10,18,0,126,44,44,97,101,45,101,101,101,85,81,26,71,71,70,51,51,25,51,25,12.5,41,11,21,21,16,15,12,11,107,101,11,7.5
47,Iron Maiden,Somewhere in Time,,,,,,,,,49.90,30,19,-1,70,31,59,89,101,101,101,101,26,26,81,71,71,71,70,51,51,51,51,51,26,41,23,21,21,16,15,12,45,106,101,11,16
48,Iron Maiden,Seventh Son of a Seventh Son,,,,,,,,,50.00,20,16,0,56,33,54,17,101,101,101,101,101,85,81,71,41,71,70,51,51,51,51,51,26,41,23,21,21,16,15,12,45,262,101,11,16
49,Iron Maiden,Killers,,,,,,,,,50.37,29,22,0,32,21,37,201,101,99,101,101,33,85,81,71,56,71,70,51,51,25,51,25,12.5,41,23,21,7,16,15,12,11,79,101,11,16
50,Helloween,Keeper of the Seven Keys pt. 1,,,,,,,,,50.81,10,19,0,89,95,51,51,101,101,101,101,44,26,81,71,71,71,70,51,43,51,51,51,26,41,23,21,21,16,15,12,45,136,101,11,16
51,Sepultura,Arise,,,,,,,,,51.58,10,16,0,67,57,104,39,101,101,101,101,101,26,81,71,71,56,70,47,51,51,51,51,26,41,23,21,21,16,15,12,45,180,101,11,16
52,Sepultura,Beneath the Remains,,,,,,,,,53.16,10,18,0,222,77,41,67,101,101,53,101,60,85,81,71,31,71,70,51,21,51,51,51,26,41,23,21,9,16,15,12,45,277,101,11,16
53,Venom,Black Metal,,,,,,,,,53.35,30,21,0,50,128,30,201,101,101,101,57,66,85,73,71,55,71,20,51,51,25,51,51,26,41,23,21,10,16,15,12,45,75,101,11,16
54,King Diamond,Abigail,,,,,,,,,53.45,10,20,0,54,88,201,52,101,101,101,101,52,85,33,71,38,71,70,51,41,51,51,51,26,41,11,21,21,16,15,12,22,254,36,11,16
55,Guns N Roses,Appetite for Destruction,,,,,,,,,54.34,10,27,-18,10,501,201,117,101,5,2,101,13,85,81,71,1,71,9,3,51,25,51,51,26,1,23,21,21,16,2,5.5,45,19,101,5,7.5
56,Morbid Angel,Altars of Madness,,,,,,,,,54.81,32,17,0,120,145,28,95,101,101,101,55,101,85,81,71,40,71,70,51,44,25,51,51,26,41,11,21,21,16,15,12,11,501,6,11,16
57,Motley Crue,Too Fast For Love,,,,,,,,,54.87,35,30,-1,90,104,125,201,22,101,11,101,31,85,81,71,71,71,70,51,51,25,51,51,26,41,23,21,19,16,15,12,45,94,101,11,16
58,Judas Priest,Hellbent for Leather/Killing Machine,,,,,,,,,54.94,10,23,0,79,69,68,201,101,101,101,101,29,26,81,71,71,71,70,51,51,51,51,51,26,41,23,21,21,16,15,12,11,110,101,11,16
59,Rainbow,Long Live Rock and Roll,,,,,,,,,55.32,20,20,0,84,59,90,182,101,101,101,101,46,85,61,48,71,71,70,51,51,51,51,25,26,41,23,21,21,16,15,12,45,68,101,11,16
60,Def Leppard,Pyromania,,,,,,,,,55.32,10,21,-10,55,149,201,201,52,19,101,101,47,85,81,71,11,71,70,51,51,51,51,25,26,16,23,21,21,16,15,12,45,87,101,11,16
61,Slayer,Hell Awaits,,,,,,,,,55.56,20,21,0,57,56,34,201,101,101,101,101,65,85,81,71,71,71,70,51,51,51,51,51,12.5,41,23,21,20,16,15,12,45,62,101,11,16
62,Accept,Balls to the Wall,,,,,,,,,55.65,10,28,0,58,75,160,201,101,101,76,101,32,85,11,71,71,71,70,51,50,51,51,25,26,41,23,21,21,16,15,12,45,26,101,11,16
63,Led Zeppelin,IV,,,,,,,,,56.65,1,11,-23,30,501,201,14,101,3,3,101,57,85,81,1,71,71,70,51,51,51,51,51,26,2,23,21,21,16,1,12,45,35,101,5,16
64,Celtic Frost,To Mega Therion,,,,,,,,,56.85,0,18,0,107,175,26,201,101,101,101,48,101,85,81,71,25,71,70,38,28,51,51,51,12.5,41,23,21,21,16,15,12,45,501,37,11,16
65,Scorpions,Blackout,,,,,,,,,56.87,25,22,-1,78,60,109,201,73,101,64,101,63,85,81,71,59,71,70,51,51,51,51,51,26,41,23,21,21,16,15,12,45,102,101,11,16
66,Dio,The Last in Line,,,,,,,,,56.94,40,24,-1,73,35,103,201,101,101,81,101,27,85,81,71,71,71,70,51,51,51,51,51,26,41,23,21,21,16,15,12,45,39,101,11,16
67,Testament,The Legacy,,,,,,,,,58.55,10,21,0,184,79,120,124,101,101,101,101,84,26,68,71,53,71,70,51,51,51,51,51,26,41,23,21,21,16,15,12,45,501,101,11,16
68,Overkill,The Years of Decay,,,,,,,,,60.00,15,17,0,202,91,88,87,101,101,101,101,77,85,81,71,71,71,70,51,51,51,51,51,26,41,23,21,21,16,15,12,45,369,101,11,16
69,Black Sabbath,Mob Rules,,,,,,,,,60.06,43,29,0,45,51,150,201,101,101,101,101,81,85,81,71,50,71,70,51,51,51,51,51,26,41,23,21,21,16,15,12,45,127,101,11,16
70,Candlemass,Epicus Doomicus Metallicus,,,,,,,,,60.32,10,15,0,169,190,38,64,101,101,101,101,101,85,81,71,71,71,70,51,51,51,51,51,26,41,23,21,21,16,15,12,45,452,23,11,16
71,Faith No More,The Real Thing,,,,,,,,,60.48,17,19,-1,95,85,75,201,101,101,101,101,101,85,81,71,71,71,70,51,51,51,51,51,26,41,23,21,21,16,15,12,45,284,101,11,16
72,Kiss,Destroyer,,,,,,,,,60.52,10,35,-2,64,196,201,201,101,36,16,101,78,85,81,31,71,71,70,51,51,51,51,51,26,41,23,21,21,16,15,12,45,47,101,11,16
73,Twisted Sister,Stay Hungry,,,,,,,,,60.65,10,26,-3,68,82,201,201,76,101,101,101,42,85,81,71,66,71,70,51,51,51,51,51,26,41,23,21,21,16,15,12,45,276,101,11,16
74,Accept,Restless and Wild,,,,,,,,,60.71,10,19,0,37,132,111,201,101,101,101,101,89,85,81,71,71,71,70,51,51,51,51,51,26,41,23,21,21,16,15,12,45,33,101,11,16
75,Led Zeppelin,Physical Graffiti,,,,,,,,,60.71,8,14,-16,48,150,201,201,101,1,101,101,101,85,81,71,71,71,70,51,51,51,51,51,26,41,23,21,21,16,7,12,45,78,101,11,16
76,Anthrax,Spreading the Disease,,,,,,,,,60.84,20,22,0,123,63,143,201,101,86,101,101,101,85,81,71,71,71,19,51,51,51,51,51,26,41,23,21,17,16,15,12,22,473,101,11,16
77,Def Leppard,Hysteria,,,,,,,,,61.32,7,23,-12,154,178,201,201,101,6,35,101,101,85,81,71,23,71,70,51,51,51,25,51,26,41,23,21,21,16,15,12,45,318,101,11,16
78,Danzig,Danzig,,,,,,,,,62.16,22,24,0,175,71,201,201,23,101,101,91,101,26,80,71,68,71,70,51,51,51,51,51,26,41,23,21,21,16,15,12,45,138,101,11,16
79,W.A.S.P.,W.A.S.P.,,,,,,,,,62.39,40,22,0,85,86,201,201,101,101,101,101,22,85,75,71,71,71,70,51,51,51,51,51,26,41,23,21,21,16,15,12,45,92,101,11,16
80,Death,Scream Bloody Gore,,,,,,,,,62.87,5,21,0,185,137,19,201,101,101,101,101,101,85,81,71,71,71,70,51,51,51,51,51,26,41,23,21,21,13,15,12,11,501,15,11,16
81,Diamond Head,Lightning to the Nations,,,,,,,,,63.52,10,28,0,282,122,45,201,42,101,101,83,101,85,81,71,71,71,70,51,51,51,51,25,26,41,23,21,21,16,15,12,45,141,101,11,7.5
82,Metal Church,Metal Church,,,,,,,,,63.55,20,23,0,65,96,181,201,101,101,101,101,101,85,81,71,71,71,70,51,51,51,51,51,26,41,23,21,21,16,15,12,45,235,43,11,16
83,Megadeth,"So Far, So Good, So What",,,,,,,,,63.58,43,33,-1,201,49,113,201,101,101,101,101,49,85,81,71,71,71,70,51,51,51,51,51,26,41,23,21,21,16,15,12,45,501,101,11,16
84,Venom,Welcome to Hell,,,,,,,,,63.74,10,20,0,308,163,13,201,74,101,101,101,86,85,81,71,27,71,70,51,14,51,51,51,26,41,23,21,21,16,15,12,45,420,35,11,16
85,Skid Row,Slave to the Grind,,,,,,,,,64.03,9,23,-2,113,109,201,201,101,101,101,101,48,85,81,71,71,71,70,51,51,51,51,51,26,41,23,21,21,16,15,12,45,421,101,11,16
86,Scorpions,Lovedrive,,,,,,,,,64.19,10,29,0,140,144,201,201,101,101,101,101,101,25,81,38,71,71,70,51,51,51,51,25,26,41,23,21,21,16,15,12,22,501,101,11,16
87,Scorpions,Love at First Sting,,,,,,,,,64.29,25,22,-3,115,81,201,201,101,101,101,101,95,85,81,71,70,71,70,51,51,51,51,25,26,41,23,21,21,16,15,12,45,93,101,11,16
88,AC/DC,High Voltage,,,,,,,,,64.32,20,26,-3,150,50,201,201,101,101,101,101,101,85,81,36,71,71,70,51,51,51,51,51,26,41,23,21,21,16,15,12,45,347,101,11,16
89,Kreator,Pleasure to Kill,,,,,,,,,64.52,20,19,0,216,146,60,201,101,101,101,101,99,85,37,71,71,71,70,51,51,51,51,51,26,41,23,21,21,16,15,12,45,501,68,11,16
90,Alice Cooper,Billion Dollar Babies,,,,,,,,,64.90,30,25,-1,109,106,201,201,101,74,101,101,101,85,81,55,71,71,70,51,51,51,51,51,26,41,23,21,21,16,15,12,45,399,101,11,16
91,AC/DC,Powerage,,,,,,,,,65.13,33,28,-1,96,152,201,201,101,26,101,101,101,85,81,71,71,71,70,51,51,51,51,51,26,41,23,21,21,16,15,12,45,236,101,11,16
92,Queensryche,Empire,,,,,,,,,65.26,42,19,-3,92,181,201,201,101,101,86,101,101,26,81,71,71,51,70,51,51,51,51,51,26,41,23,21,21,16,15,12,45,501,101,11,16
93,Ozzy Osbourne,Bark at the Moon,,,,,,,,,65.39,40,27,-3,212,37,154,201,101,101,101,101,101,85,56,71,71,71,70,51,51,51,51,51,26,41,23,21,21,16,15,12,45,76,101,11,16
94,Def Leppard,High n Dry,,,,,,,,,65.68,25,26,-2,215,160,201,201,101,66,101,101,101,85,1,71,71,71,46,51,51,51,51,25,26,41,23,21,21,7,15,12,45,267,101,11,16
95,Judas Priest,Sin After Sin,,,,,,,,,65.94,20,21,0,161,84,201,201,101,101,101,101,101,85,81,43,71,71,70,51,51,51,51,51,26,41,23,21,21,16,15,12,22,149,101,11,16
96,Testament,The New Order,,,,,,,,,65.97,10,22,0,132,100,201,201,101,101,101,101,101,85,81,71,71,71,65,51,51,51,51,51,26,41,23,21,21,16,15,12,45,348,101,11,16
97,Quiet Riot,Metal Health,,,,,,,,,66.06,25,30,-6,133,112,201,201,101,101,69,101,101,85,81,71,71,71,70,51,51,51,51,51,26,41,23,21,21,16,15,12,45,98,101,11,16
98,Testament,Practice What You Preach,,,,,,,,,66.13,40,24,0,147,98,201,201,101,101,101,101,56,85,81,71,71,71,70,51,51,51,51,51,26,41,23,21,21,16,15,12,45,200,101,11,16
99,Angel Witch,Angel Witch,,,,,,,,,66.18,15,21,0,141,172,131,201,101,101,101,101,101,85,81,71,71,71,70,51,51,51,51,51,12.5,41,23,21,21,16,15,12,45,237,101,11,16
100,Saxon,Denim and Leather,,,,,,,,,66.45,10,30,0,265,108,162,101,101,101,101,101,101,85,81,71,71,71,70,51,51,51,51,51,26,41,23,21,21,16,15,12,45,171,101,11,16
101,Possessed,Seven Churches,,,,,,,,,66.74,10,21,0,110,327,42,201,101,101,101,101,101,85,81,71,71,71,70,51,51,51,25,51,26,41,23,21,21,16,15,12,45,501,38,11,16
102,Rush,2112,,,,,,,,,66.94,25,18,-3,99,501,201,36,101,24,51,101,101,85,81,12,71,71,70,51,51,51,51,51,26,41,23,21,21,16,15,12,45,97,101,11,16
103,Annihilator,Alice in Hell,,,,,,,,,66.97,25,17,0,125,131,193,201,101,101,101,101,101,85,81,71,71,71,70,51,51,51,51,51,26,41,23,21,21,16,15,12,45,242,101,11,16
104,Megadeth,Killing is my Business…,,,,,,,,,66.97,27,27,0,304,52,137,201,101,101,63,101,83,85,81,71,71,71,70,51,51,51,51,51,26,41,23,21,21,16,15,12,45,501,101,11,16
105,Saxon,Strong Arm of the Law,,,,,,,,,67.52,10,27,0,182,173,135,201,101,101,101,101,101,85,62,71,71,71,70,51,51,51,51,51,26,41,23,21,21,16,15,12,45,370,101,11,16
106,Alice Cooper,Welcome to my Nightmare,,,,,,,,,67.68,25,23,-1,238,89,201,201,101,101,101,101,101,85,81,35,71,71,70,51,51,51,25,51,26,41,23,21,21,16,15,12,45,88,101,11,16
107,Rush,Moving Pictures,,,,,,,,,67.74,10,16,-4,75,501,201,28,101,43,101,101,101,85,81,71,18,71,70,51,51,51,51,51,26,41,23,21,21,16,15,12,45,114,101,11,16
108,Deep Purple,In Rock,,,,,,,,,67.87,10,20,0,38,501,201,201,101,15,54,101,101,85,81,5,71,71,70,51,51,25,51,25,26,41,23,21,21,16,15,12,45,49,101,11,16
109,Black Sabbath,Born Again,,,,,,,,,67.87,65,54,0,83,116,201,201,101,101,101,101,101,85,81,71,71,71,70,51,51,51,51,51,26,41,23,21,21,16,15,12,45,380,101,11,16
110,Kiss,Kiss,,,,,,,,,68.65,15,31,0,121,242,201,201,101,101,101,101,101,85,34,51,71,71,70,51,51,51,51,51,26,41,23,21,21,16,15,12,45,158,101,11,16
111,Bathory,Under the Sign of the Black Mark,,,,,,,,,68.69,10,19,0,213,357,15,201,81,101,101,84,101,85,81,71,52,71,70,51,51,51,51,51,12.5,41,23,21,21,16,15,12,45,501,86,11,16
112,Aerosmith,Rocks,,,,,,,,,68.71,10,25,-4,71,501,201,201,101,9,7,101,101,85,81,71,71,71,22,49,51,51,51,51,26,18,23,21,21,16,15,12,45,453,101,11,16
113,King Diamond,Them,,,,,,,,,68.84,20,22,0,111,223,201,201,101,101,101,101,73,85,81,71,71,71,70,51,51,51,51,51,26,41,23,21,21,16,15,12,45,376,101,11,16
114,Motley Crue,Dr. Feelgood,,,,,,,,,68.90,20,26,-6,235,103,201,201,101,101,101,101,101,85,81,71,43,71,70,51,51,51,51,51,26,41,23,21,21,16,15,12,45,261,101,11,16
115,Savatage,Gutter Ballet,,,,,,,,,69.13,20,19,0,236,162,201,121,101,101,101,101,101,85,81,71,71,71,70,51,51,51,51,51,26,41,23,21,21,16,15,12,45,183,101,11,16
116,Death,Leprosy,,,,,,,,,69.26,30,19,0,200,202,118,201,101,101,101,101,101,85,81,71,64,71,70,51,51,51,51,51,26,41,23,21,21,16,15,12,45,439,101,11,16
117,Blue Oyster Cult,Secret Treaties,,,,,,,,,69.32,10,21,0,209,276,201,201,101,22,101,101,101,85,81,23,71,71,70,51,51,51,51,25,26,41,23,21,21,16,15,12,45,500,101,11,16
118,Van Halen,Fair Warning,,,,,,,,,69.42,35,26,-2,158,154,201,201,101,101,101,101,96,85,81,71,71,71,70,51,51,51,51,51,26,41,23,21,21,16,15,12,45,104,101,11,16
119,Entombed,Lefthand Path,,,,,,,,,69.55,30,14,0,288,261,93,154,82,101,101,52,101,85,81,71,71,71,70,51,51,51,51,51,26,41,23,21,21,16,15,12,45,365,101,11,16
120,AC/DC,For Those About to Rock,,,,,,,,,69.68,30,23,-4,270,55,201,201,101,101,101,101,101,85,81,71,71,71,70,51,51,51,51,51,26,41,23,21,21,16,15,12,45,72,101,11,16
121,Saxon,Power & The Glory,,,,,,,,,70.06,40,20,0,213,113,201,201,101,101,101,101,101,85,81,71,71,71,70,51,51,51,51,51,26,41,23,21,21,16,15,12,45,117,101,11,16
122,Manowar,Battle Hymns,,,,,,,,,70.42,40,35,0,295,119,115,201,101,101,101,101,101,85,81,71,71,71,70,51,51,51,51,51,26,41,23,21,15,16,15,12,45,215,101,11,16
123,Savatage,Hall of the Mountain King,,,,,,,,,70.45,20,26,0,97,501,145,120,101,101,101,101,51,26,81,71,71,71,70,51,51,51,51,51,26,41,23,21,21,16,15,12,45,83,101,11,16
124,Celtic Frost,Morbid Tales,,,,,,,,,70.55,10,20,0,105,375,201,201,28,101,101,101,101,85,81,71,71,71,70,51,51,51,25,51,26,41,23,21,11,16,15,12,45,120,101,11,16
125,Voivod,Nothingface,,,,,,,,,70.94,5,21,0,223,250,174,201,101,101,101,101,101,26,81,71,71,71,70,51,51,51,51,51,26,41,23,21,21,16,15,12,45,501,101,11,16
126,Anthrax,Persistence of Time,,,,,,,,,71.48,20,25,0,283,148,201,201,101,101,101,101,101,85,81,71,71,25,70,51,51,51,51,51,26,41,23,21,21,16,15,12,45,433,101,11,16
127,Bathory,Blood Fire Death,,,,,,,,,71.84,20,18,0,360,305,29,111,101,101,101,101,101,85,81,71,71,71,70,51,51,51,51,51,26,41,23,21,21,16,15,12,45,357,101,11,16
128,Judas Priest,Point of Entry,,,,,,,,,72.19,30,38,0,279,105,201,201,101,101,101,101,101,85,81,71,71,71,70,51,51,51,51,51,26,41,23,21,21,16,15,12,45,256,101,11,16
129,Ozzy Osbourne,No Rest for the Wicked,,,,,,,,,71.45,50,36,-2,287,93,199,201,101,101,101,101,101,85,81,71,71,71,37,51,51,51,51,51,26,41,23,21,21,16,15,12,45,501,101,11,16
130,Dokken,Tooth and Nail,,,,,,,,,73.16,100,100,-1,186,143,201,201,101,101,68,101,88,85,81,71,71,71,70,51,51,51,51,51,26,41,23,21,21,16,15,12,45,501,101,11,16
131,Candlemass,Nightfall,,,,,,,,,71.52,10,18,0,260,233,168,144,101,101,101,101,101,85,81,71,71,71,70,51,51,51,51,51,26,41,23,21,21,16,15,12,45,501,101,11,16
132,Slayer,Show No Mercy,,,,,,,,,73.52,40,25,0,127,501,67,201,101,101,101,101,35,85,81,71,71,71,70,51,51,51,51,51,26,41,23,21,21,16,15,12,45,257,101,11,16
133,Morbid Angel,Blessed are the Sick,,,,,,,,,71.87,20,21,0,221,378,94,201,101,101,101,101,101,26,49,71,71,71,70,51,51,51,51,51,26,41,23,21,21,16,15,12,45,501,101,11,16
134,Aerosmith,Toys in the Attic,,,,,,,,,73.87,10,25,-8,82,501,201,201,101,52,101,101,101,85,81,14,71,71,70,51,51,51,51,51,26,41,23,21,21,16,15,12,45,53,101,11,16
135,Montrose,Montrose,,,,,,,,,74.06,20,19,-1,102,501,201,201,101,4,67,101,101,85,81,71,71,71,70,51,51,51,51,51,26,41,23,21,21,16,15,12,45,330,101,11,16
136,Kiss,Creatures of the Night,,,,,,,,,74.32,62,56,0,157,243,201,201,101,101,101,101,101,85,81,71,71,71,70,51,51,51,51,51,26,41,23,21,21,16,15,12,45,159,101,11,16
137,Badlands,Badlands,,,,,,,,,73.55,20,40,0,180,254,201,201,101,101,101,101,101,85,81,71,71,71,70,51,51,51,51,51,26,41,23,21,21,16,15,12,45,501,101,11,16
138,Alice Cooper,School's Out,,,,,,,,,74.74,25,27,-1,388,92,201,201,101,101,101,101,101,85,81,71,71,71,70,51,51,51,51,51,26,41,23,21,21,16,15,12,45,85,101,11,16
139,Van Halen,1984,,,,,,,,,75.06,13,23,-10,151,501,201,201,101,67,101,101,64,85,81,71,21,71,70,51,51,51,51,51,26,25,23,21,21,16,15,12,45,146,101,11,16
140,Alice in Chains,Facelift,,,,,,,,,73.32,30,21,-2,501,80,140,201,101,101,52,101,101,85,81,71,71,64,70,51,51,51,25,51,26,41,23,21,21,16,15,12,45,428,101,11,16
141,Judas Priest,Turbo,,,,,,,,,74.13,50,37,-1,316,110,201,201,101,101,101,101,101,85,81,71,71,71,70,51,51,51,51,51,26,41,23,21,21,16,15,12,45,501,101,11,16
142,Dark Angel,Darkness Descends,,,,,,,,,73.77,55,22,0,261,291,73,201,101,101,101,101,101,85,81,71,71,71,70,51,51,51,51,51,26,41,23,21,21,16,15,12,45,501,101,11,16
143,Deep Purple,Burn,,,,,,,,,75.52,10,24,0,93,501,201,201,101,101,101,101,101,85,81,24,71,71,70,51,51,51,51,25,26,41,23,21,21,16,15,12,11,41,101,11,16
144,Kreator,Extreme Aggression,,,,,,,,,73.74,10,15,0,341,134,201,201,101,101,101,101,101,85,81,71,71,71,70,51,51,51,51,51,26,41,23,21,21,16,15,12,45,501,101,11,16
145,Helloween,Walls of Jericho,,,,,,,,,75.77,30,20,0,142,501,71,201,101,101,101,101,101,85,81,71,71,71,70,51,51,51,51,51,26,41,23,21,21,16,15,12,45,299,101,11,16
146,Uriah Heep,Demons and Wizards,,,,,,,,,75.90,10,32,0,164,501,201,93,101,101,101,101,101,85,81,39,71,71,70,51,51,51,51,51,26,41,23,21,21,16,15,12,45,169,101,11,16
147,Rush,Hemispheres,,,,,,,,,74.03,30,17,-1,135,501,201,62,101,101,101,101,101,85,81,37,71,71,70,51,51,51,51,51,26,41,23,21,21,16,15,12,45,463,101,11,16
148,Dio,Dream Evil,,,,,,,,,74.97,45,30,0,352,111,201,201,101,101,101,101,101,85,81,71,71,71,70,51,51,51,51,51,26,41,23,21,21,16,15,12,45,501,88,11,16
149,Sodom,Agent Orange,,,,,,,,,74.65,10,15,0,501,182,170,90,63,101,101,101,101,85,81,71,71,71,70,51,51,51,51,51,26,41,23,21,21,16,15,12,45,501,32,11,16
150,Scorpions,In Trance,,,,,,,,,75.35,10,35,0,38,501,201,201,101,101,101,101,101,85,81,63,71,71,70,51,51,51,25,51,26,41,23,21,21,16,15,12,45,501,101,11,16
151,Bon Jovi,Slippery When Wet,,,,,,,,,75.39,20,35,-12,165,501,201,201,101,44,23,101,101,85,81,71,61,71,70,51,51,51,51,51,26,28,23,21,21,16,15,12,45,501,101,11,16
152,Thin Lizzy,Jailbreak,,,,,,,,,76.82,15,20,0,122,501,201,201,101,101,84,101,101,85,81,59,71,71,43,51,51,51,51,51,26,41,23,21,21,16,15,5.5,45,172,101,11,16
153,Dokken,Under Lock and Key,,,,,,,,,75.23,10,24,-1,229,284,201,201,101,101,101,101,101,85,81,71,71,71,70,51,51,51,51,51,26,41,23,21,21,16,15,12,45,501,101,11,16
154,Whitesnake,Whitesnake,,,,,,,,,77.29,10,24,-8,116,501,201,201,101,101,95,101,101,85,81,71,44,71,70,51,51,51,51,51,26,41,23,21,21,16,15,12,45,58,101,11,16
155,W.A.S.P.,The Headless Children,,,,,,,,,75.97,10,35,0,354,191,201,180,101,101,101,101,101,85,81,71,71,71,70,51,51,51,51,51,26,41,23,21,21,16,15,12,45,474,101,11,16
156,Led Zeppelin,III,,,,,,,,,77.48,8,17,-6,134,501,201,201,101,101,101,101,101,85,81,33,71,71,70,51,51,51,51,51,26,41,23,21,21,16,15,12,45,77,101,11,16
157,King Diamond,Conspiracy,,,,,,,,,76.00,40,25,0,274,231,201,201,101,101,101,101,101,85,81,71,71,71,70,51,51,51,51,51,26,41,23,21,21,16,15,12,45,501,101,11,16
158,AC/DC,Let There Be Rock,,,,,,,,,77.77,23,23,-2,117,501,201,201,101,101,101,101,90,85,81,71,71,71,70,51,51,51,25,51,26,41,23,21,21,16,15,12,45,121,101,11,7.5
159,Napalm Death,Scum,,,,,,,,,76.19,8,22,0,501,302,66,201,101,101,101,7,101,85,81,71,69,71,70,51,51,25,51,51,26,41,23,21,21,16,15,12,45,501,101,11,16
160,Skid Row,Skid Row,,,,,,,,,78.06,20,27,-5,172,501,201,201,101,101,101,101,82,85,64,71,67,71,44,40,51,51,51,51,26,37,23,21,21,16,15,12,45,134,101,11,16
161,Motörhead,Bomber,,,,,,,,,76.19,20,20,0,412,155,201,201,101,101,101,101,101,85,81,42,71,71,70,51,51,51,51,51,26,41,23,19,21,16,15,12,45,498,101,11,16
162,Kiss,Love Gun,,,,,,,,,76.58,9,32,-1,380,251,201,201,101,101,33,101,101,85,81,56,71,71,70,51,51,51,51,51,26,41,23,21,21,16,15,12,45,501,101,11,16
163,Manowar,Kings of Metal,,,,,,,,,78.39,50,29,0,131,501,201,201,101,101,101,101,93,26,81,71,71,71,70,51,51,51,51,51,26,41,23,21,21,16,15,12,45,181,101,11,16
164,Celtic Frost,Into the Pandemonium,,,,,,,,,76.58,10,19,0,119,440,201,201,101,101,101,101,101,85,81,71,71,71,70,51,51,51,51,51,26,41,23,21,21,16,15,12,45,501,101,11,16
165,Led Zeppelin,Houses of the Holy,,,,,,,,,76.48,3,15,-11,146,501,201,201,101,101,101,101,101,85,81,7,71,71,70,51,51,51,51,51,26,41,23,21,21,16,10,12,45,501,101,11,16
166,Alice Cooper,Love it to Death,,,,,,,,,78.61,15,22,-1,189,501,201,201,101,101,70,101,101,85,81,27,71,71,70,51,51,51,51,51,26,41,23,21,21,16,15,12,45,67,101,11,16
167,Destruction,Infernal Overkill,,,,,,,,,76.92,60,22,0,263,290,178,201,101,101,101,101,101,85,81,71,71,71,70,51,51,51,51,51,12.5,41,23,21,21,16,15,12,45,501,101,11,16
168,Yngwie Malmsteen,Rising Force,,,,,,,,,77.29,20,31,0,101,501,201,201,101,101,101,101,101,85,77,71,58,71,70,51,51,25,51,51,26,41,23,21,21,16,15,12,45,501,101,11,16
169,Destruction,Eternal Devastation,,,,,,,,,77.13,10,23,0,331,241,201,201,101,101,101,101,101,85,81,71,71,71,70,51,51,51,51,51,26,41,23,21,21,16,15,12,45,501,101,11,16
170,Motörhead,No Remorse,,,,,,,,,76.74,0,10,0,198,501,201,201,7,101,101,101,101,85,81,71,71,71,70,51,51,51,51,51,26,19,23,21,21,16,15,12,45,377,101,11,16
171,Ratt,Out of the Cellar,,,,,,,,,77.58,10,34,-3,118,501,201,201,101,101,101,101,67,85,81,71,71,71,70,51,51,51,51,51,26,34,23,21,21,16,15,12,45,482,101,11,16
172,Van Halen,Van Halen II,,,,,,,,,77.29,15,25,-5,124,501,201,201,101,76,101,101,76,85,81,71,71,71,70,51,51,51,51,51,26,41,23,21,21,16,15,12,45,501,101,11,16
173,Queensryche,Rage for Order,,,,,,,,,77.45,60,18,0,108,501,201,201,101,88,101,101,101,26,81,71,71,71,70,51,51,51,51,51,26,41,23,21,21,16,15,12,45,501,101,11,16
174,Black Sabbath,Headless Cross,,,,,,,,,78.48,50,42,0,429,126,201,201,101,101,101,101,101,85,81,71,71,71,70,51,51,51,51,51,26,41,23,21,21,16,15,12,45,501,101,11,16
175,Blue Oyster Cult,Agents of Fortune,,,,,,,,,79.87,10,25,-1,194,501,201,201,101,62,101,101,101,85,81,71,71,71,70,51,51,51,51,51,26,41,23,21,21,16,15,12,45,66,101,11,16
176,Trouble,Psalm 9,,,,,,,,,78.16,10,24,0,371,232,201,201,101,101,101,101,101,85,81,71,71,71,70,51,51,51,51,51,26,41,23,21,21,16,15,12,45,501,39,11,16
177,Riot,Fire Down Under,,,,,,,,,80.00,100,17,0,76,501,201,201,101,101,101,101,101,85,81,71,71,71,70,51,51,51,51,51,26,41,23,21,21,16,15,12,45,165,101,11,16
178,Queensryche,The Warning,,,,,,,,,80.26,40,28,0,192,501,201,201,101,101,101,101,101,26,81,71,71,71,70,51,51,51,51,51,26,41,23,21,21,16,15,12,45,84,101,11,16
179,Fate's Warning,Awaken the Guardian,,,,,,,,,78.61,40,28,0,178,501,105,201,101,101,101,101,101,85,81,71,71,71,70,51,51,51,51,51,26,41,23,21,21,16,15,12,45,501,101,11,16
180,Ozzy Osbourne,The Ultimate Sin,,,,,,,,,78.77,60,32,-2,501,65,201,201,101,101,101,101,101,85,81,71,71,71,70,51,51,51,51,51,26,41,23,21,21,16,15,12,45,339,101,11,16
181,Queen,A Night at the Opera,,,,,,,,,80.42,13,22,-3,177,501,201,201,101,98,101,101,101,85,81,71,71,71,70,51,51,51,51,51,26,41,23,21,21,16,15,12,45,179,101,11,16
182,Deicide,Deicide,,,,,,,,,78.45,5,18,0,258,395,171,201,101,101,101,101,101,85,81,71,71,71,70,51,51,51,51,51,26,41,23,21,21,16,15,12,45,415,98,11,16
183,Motörhead,1916,,,,,,,,,76.23,20,21,0,469,67,201,201,101,101,101,101,101,85,81,71,71,71,70,51,51,51,51,51,26,41,23,21,21,16,15,12,45,501,101,11,16
184,Jag Panzer,Ample Destruction,,,,,,,,,79.35,100,37,0,254,283,201,201,101,101,101,101,101,85,81,71,71,71,70,51,51,51,51,51,26,41,23,21,21,16,15,12,45,501,101,11,16
185,S.O.D.,Speak English or Die,,,,,,,,,76.13,10,22,0,100,501,201,201,101,101,101,101,101,26,81,71,71,71,70,51,51,51,51,51,26,41,23,21,21,16,15,12,45,501,101,11,16
186,Bathory,Hammerheart,,,,,,,,,79.06,20,20,0,501,361,81,84,101,101,101,101,101,85,81,71,71,71,70,51,51,51,51,51,26,41,23,21,21,16,15,12,45,501,101,11,16
187,Van Halen,Women and Children First,,,,,,,,,79.52,30,32,-3,255,501,201,201,36,30,101,101,101,85,81,71,71,71,70,51,51,51,51,51,26,41,23,21,21,16,15,12,45,470,101,11,16
188,Saxon,Saxon,,,,,,,,,79.81,40,32,0,501,115,201,201,101,101,101,101,101,85,81,71,71,71,70,51,51,51,51,51,26,41,23,21,21,16,15,12,45,290,101,11,16
189,Riot,Thundersteel,,,,,,,,,79.52,10,23,0,453,193,201,201,101,101,101,101,101,85,81,71,71,71,70,51,51,51,51,51,26,41,23,21,21,16,15,12,45,501,101,11,16
190,Kiss,Rock and Roll Over,,,,,,,,,80.00,35,36,-1,394,277,201,201,101,101,101,101,101,85,81,71,71,71,23,51,51,51,51,51,26,41,23,21,21,16,15,12,45,501,101,11,16
191,Kreator,Coma of Souls,,,,,,,,,79.68,20,16,0,420,259,182,189,101,101,101,101,101,85,81,71,71,71,70,51,51,51,51,51,26,41,23,21,21,16,15,12,45,501,101,11,16
192,Obituary,Slowly We Rot,,,,,,,,,79.97,20,19,0,501,207,147,201,101,101,101,101,101,85,81,71,71,71,70,51,51,51,51,51,26,41,23,21,21,16,15,12,45,501,93,11,16
193,Iron Maiden,No Prayer For the Dying,,,,,,,,,80.81,48,43,0,501,118,210,201,101,101,101,101,101,85,81,71,71,71,70,51,51,51,51,51,26,41,23,21,21,16,15,12,45,501,101,11,16
194,Voivod,Dimensions Hatross,,,,,,,,,80.08,15,20,0,291,432,201,201,78,101,101,85,101,85,81,71,71,71,61,51,51,51,51,51,12.5,41,23,21,21,16,15,12,45,501,101,11,16
195,Crimson Glory,Transcendence,,,,,,,,,80.13,100,20,0,206,501,201,72,101,101,101,101,101,85,81,71,71,71,70,51,51,51,51,51,26,41,23,21,21,16,15,12,45,501,101,11,16
196,UFO,Lights Out,,,,,,,,,82.19,20,26,0,298,501,201,201,101,28,91,101,101,85,81,71,71,71,70,51,51,51,51,51,26,41,23,21,21,16,15,12,45,63,101,11,16
197,Motley Crue,Theatre of Pain,,,,,,,,,80.58,50,32,-4,425,209,201,201,101,101,101,101,101,85,81,71,71,71,70,51,51,51,51,51,26,41,23,21,21,16,15,12,45,501,101,11,16
198,Accept,Metal Heart,,,,,,,,,80.48,10,24,0,174,501,201,201,101,101,101,101,101,85,81,71,71,71,70,51,51,51,51,51,26,41,23,21,21,16,15,12,45,293,101,11,16
199,Deep Purple,Perfect Strangers,,,,,,,,,80.81,60,32,-1,138,501,201,201,101,101,101,101,101,85,81,71,60,71,70,51,51,51,51,51,26,41,23,21,21,16,15,12,45,312,101,11,16
200,Blue Oyster Cult,Blue Oyster Cult,,,,,,,,,80.71,20,25,0,475,255,201,201,101,101,101,101,101,26,81,71,71,71,70,51,51,51,51,51,26,41,23,21,21,16,15,12,45,391,101,11,16
201,Rush,A Farewell to Kings,,,,,,,,,82.57,35,,-1,193,501,201,185,101,101,101,101,101,85,81,50,71,71,70,51,51,51,51,51,26,41,23,21,21,16,15,12,45,501,101,11,16
202,Obituary,Cause of Death,,,,,,,,,82.57,30,,0,501,237,124,201,101,101,101,101,101,85,81,71,71,71,70,51,51,51,51,51,26,41,23,21,21,16,15,12,45,501,101,11,16
203,Ted Nugent,Cat Scratch Fever,,,,,,,,,82.71,10,57,-3,278,501,201,201,101,101,36,101,101,85,81,71,71,71,70,51,51,51,51,51,26,41,23,21,21,16,15,12,45,77,101,11,16
204,Running Wild,Death or Glory,,,,,,,,,82.77,100,,0,501,198,201,99,101,101,101,101,101,85,81,71,71,71,70,51,51,51,51,51,26,41,23,21,21,16,15,12,45,501,101,11,16
205,Uriah Heep,Look at Yourself,,,,,,,,,82.83,20,,0,199,501,201,201,101,97,101,101,101,85,81,54,71,71,70,51,51,51,51,51,26,41,23,21,21,16,15,12,45,307,101,11,16
206,Kiss,Dressed to Kill,,,,,,,,,82.87,7,32,0,243,501,201,201,101,101,101,101,101,85,81,71,71,71,70,51,51,51,51,51,26,41,23,21,21,16,15,12,45,60,101,11,16
207,Judas Priest,Ram it Down,,,,,,,,,82.93,60,,0,501,141,201,201,101,101,101,101,101,85,81,71,71,71,70,51,51,51,51,51,26,41,23,21,21,16,15,12,45,501,101,11,16
208,Annihilator,"Never, Neverland",,,,,,,,,83.13,10,,0,501,197,201,201,101,101,101,101,101,85,81,71,71,71,70,51,51,51,51,51,26,41,23,21,21,16,15,12,45,501,101,11,16
209,Savatage,Power of the Night,,,,,,,,,83.23,100,,0,312,199,201,201,201,101,101,101,101,85,81,71,71,71,70,51,51,51,51,51,26,41,23,21,21,16,15,12,45,443,101,11,16
210,Gamma Ray,Heading For Tomorrow,,,,,,,,,83.23,25,,0,501,185,201,201,101,101,101,101,101,85,81,71,71,71,70,51,51,51,51,51,26,41,23,21,21,16,15,12,45,501,101,11,16
211,Thin Lizzy,Thunder and Lightning,,,,,,,,,83.30,45,,0,197,501,201,201,101,71,101,101,101,85,81,71,71,71,70,51,51,51,51,51,26,41,23,21,21,16,15,12,45,223,101,11,16
212,The Cult,Electric,,,,,,,,,83.30,10,,-1,289,501,201,201,101,101,41,101,101,85,81,71,62,71,53,51,51,51,51,51,26,41,23,21,21,16,15,12,45,501,101,11,16
213,AC/DC,Dirty Deeds Done Dirty Cheap,,,,,,,,,83.37,17,,-6,251,501,201,201,101,101,101,101,71,85,81,53,71,71,70,51,51,51,51,51,26,41,23,21,21,16,15,12,45,224,101,11,16
214,Sex Pistols,Never Mind the Bollocks,,,,,,,,,83.80,0,,0,404,501,201,201,101,13,101,101,101,85,81,8,71,71,70,51,51,25,51,51,26,41,23,21,21,16,15,12,45,265,101,11,16
215,Tesla,Mechanical Resonance,,,,,,,,,83.80,20,,-1,208,501,201,201,101,101,101,101,101,85,81,71,71,71,70,51,51,51,51,51,26,41,23,21,21,16,15,12,45,308,101,11,16
216,Whitesnake,Slide It In,,,,,,,,,83.80,10,,-2,241,501,201,201,101,101,101,101,101,85,81,71,71,71,48,51,51,51,51,51,26,41,23,21,21,16,15,12,45,501,101,11,16
217,Sacred Reich,The American Way,,,,,,,,,83.80,10,,0,501,217,201,201,101,101,101,101,101,85,81,71,71,71,70,51,51,51,51,51,26,41,23,21,21,16,15,12,45,501,101,11,16
218,Manowar,Into Glory Ride,,,,,,,,,83.90,40,,0,250,501,141,201,101,101,101,101,101,85,81,71,71,71,70,51,51,51,51,51,26,41,23,21,21,16,15,12,45,501,101,11,16
219,Saxon,Wheels of Steel,,,,,,,,,83.97,10,,0,273,501,191,201,101,95,101,101,92,85,81,71,71,71,70,51,51,51,51,25,26,41,23,21,21,16,15,12,45,371,101,11,16
220,Manowar,Hail to England,,,,,,,,,83.97,20,,0,226,501,201,201,87,101,101,101,101,85,81,71,71,71,70,51,51,51,51,51,26,41,23,21,21,16,15,12,45,404,101,11,16
221,Alice Cooper,Constrictor,,,,,,,,,84.13,60,,0,501,177,201,201,101,101,101,101,101,85,81,71,71,71,70,51,51,51,51,51,26,41,23,21,21,16,15,12,45,501,101,11,16
222,Ace Frehley,Ace Frehley,,,,,,,,,84.30,17,,-1,452,285,201,201,101,101,101,101,101,85,81,71,71,71,70,51,41,51,51,51,26,41,23,21,21,16,15,12,45,501,101,11,16
223,Michael Schenker Group,The Michael Schenker Group,,,,,,,,,84.73,10,,0,501,245,201,201,101,101,101,101,101,85,81,71,71,71,70,51,51,51,51,51,26,41,23,21,21,16,15,12,45,333,101,11,16
224,Metal Church,The Human Factor,,,,,,,,,84.73,17,,0,491,248,201,201,101,101,101,101,101,85,81,71,71,71,70,51,51,51,51,51,26,41,23,21,21,16,15,12,45,501,101,11,16
225,Armored Saint,Symbol of Salvation,,,,,,,,,84.80,10,,0,247,501,201,201,101,101,101,101,101,85,81,71,71,71,70,51,51,51,51,51,26,41,23,21,21,16,15,12,45,501,101,11,16
226,Alice Cooper,Raise Your Fist and Yell,,,,,,,,,85.17,50,,0,501,218,201,201,101,101,101,101,101,85,81,71,71,71,70,51,51,51,51,51,26,41,23,21,21,16,15,12,45,501,54,11,16
227,Sabbat,Dreamweaver,,,,,,,,,85.17,21,,0,501,247,201,201,101,101,101,101,101,85,81,71,71,71,70,51,51,51,51,51,26,41,23,21,21,16,15,12,45,501,101,11,16
228,Nine Inch Nails,Pretty Hate Machine,,,,,,,,,85.17,9,,-3,353,501,201,201,101,101,101,101,101,85,81,71,6,71,70,51,51,25,51,51,26,41,23,21,21,16,15,12,45,501,101,11,16
229,Krokus,Headhunter,,,,,,,,,85.20,20,,0,249,501,201,201,101,101,101,101,101,85,81,71,71,71,70,51,51,51,51,51,26,41,23,21,21,16,15,12,45,292,101,11,16
230,Manowar,Sign of the Hammer,,,,,,,,,85.20,50,,0,501,219,201,201,101,101,101,101,101,85,81,71,71,71,70,51,51,51,51,51,26,41,23,21,21,16,15,12,45,501,101,11,16
231,Sacred Reich,Ignorance,,,,,,,,,85.23,10,17,0,501,328,201,201,101,101,101,101,101,85,81,71,71,71,70,51,51,51,51,51,26,41,23,21,21,16,15,12,45,501,101,11,16
232,Iced Earth,Iced Earth,,,,,,,,,85.27,60,,0,501,211,201,201,101,101,101,101,101,85,81,71,71,71,70,51,51,51,51,51,26,41,23,21,21,16,15,12,45,501,101,11,16
233,Gothic,Paradise Lost,,,,,,,,,85.30,40,,0,232,501,201,201,101,101,101,101,101,85,81,71,71,71,70,51,51,51,51,51,26,41,23,21,21,16,15,12,45,501,101,11,16
234,Motörhead,Iron Fist,,,,,,,,,85.37,20,,0,348,501,139,201,101,101,101,101,101,85,81,71,65,71,70,51,51,51,25,51,26,41,23,21,21,16,15,12,45,271,101,11,16
235,Yngwie Malmsteen,Marching Out,,,,,,,,,85.40,30,,0,245,501,201,201,101,101,101,101,101,85,81,71,71,71,70,51,51,51,51,51,26,41,23,21,21,16,15,12,45,379,101,11,16
236,Death Angel,Act III,,,,,,,,,85.53,10,,0,328,501,201,201,101,101,101,101,101,26,81,71,71,71,70,51,51,51,51,51,26,41,23,21,21,16,15,12,45,501,101,11,16
237,Trouble,Trouble,,,,,,,,,85.53,10,,0,269,501,201,201,101,101,101,101,101,85,81,71,71,71,70,51,51,51,51,51,26,41,23,21,21,16,15,12,45,501,101,11,16
238,Budgie,Never Turn Your Back on a Friend,,,,,,,,,85.60,10,,0,501,297,201,201,101,101,101,101,101,85,81,71,71,71,70,51,51,51,51,25,26,41,23,21,21,16,15,12,45,486,101,11,16
239,Queen,Queen,,,,,,,,,85.67,38,,0,272,501,201,201,101,101,74,101,101,85,81,71,71,71,70,51,51,51,51,51,26,41,23,21,21,16,15,12,45,501,101,11,16
240,Sodom,Persecution Mania,,,,,,,,,85.70,10,,0,501,278,197,201,101,101,101,101,101,85,81,71,71,71,70,51,51,51,51,51,26,41,23,21,21,16,15,12,45,501,101,11,16
241,Danzig,Danzig II: Lucifuge,,,,,,,,,85.77,15,,0,279,501,201,201,101,101,101,101,101,85,81,71,71,71,70,51,51,51,51,51,26,33,23,21,21,16,15,12,45,501,101,11,16
242,Motörhead,Another Perfect Day,,,,,,,,,85.80,30,,0,257,501,201,201,101,101,101,101,101,85,81,71,71,71,70,51,51,51,51,51,26,41,23,21,21,16,15,12,45,501,101,11,16
243,Michael Schenker Group,Built to Destroy,,,,,,,,,85.87,40,,0,501,249,201,201,101,101,101,101,101,85,81,71,71,71,70,51,51,51,51,51,26,41,23,21,21,16,15,12,45,501,101,11,16
244,Blue Oyster Cult,Tyranny and Mutation,,,,,,,,,85.93,10,,0,501,307,201,201,101,101,101,101,101,85,81,45,71,71,70,51,51,51,51,51,26,41,23,21,21,16,15,12,45,501,101,11,16
245,King Crimson,Red,,,,,,,,,85.97,5,,0,501,501,201,49,101,81,101,101,101,85,81,29,71,71,70,51,51,51,51,51,26,41,23,21,21,16,15,12,45,501,101,11,16
246,Alice Cooper,Killer,,,,,,,,,86.00,15,,-1,301,501,201,201,101,101,101,101,101,85,81,49,71,71,70,51,51,51,51,51,26,41,23,21,21,16,15,12,45,501,101,11,16
247,Satan,Court in the Act,,,,,,,,,86.07,20,,0,501,275,201,201,101,101,101,101,101,85,81,71,71,71,70,51,51,51,51,51,26,41,23,21,21,16,15,12,45,501,101,11,16
248,Exciter,Heavy Metal Maniac,,,,,,,,,86.13,100,,0,472,226,201,201,101,101,101,101,101,85,81,71,71,71,70,51,51,51,51,51,26,41,23,21,21,16,15,12,45,501,101,11,16
249,Kiss,Hotter Than Hell,,,,,,,,,86.23,42,,0,501,258,201,201,101,101,101,101,101,85,81,71,71,71,70,51,51,51,51,51,26,41,23,21,21,16,15,12,45,501,101,11,16
250,Atheist,Piece of Time,,,,,,,,,86.30,40,,0,501,262,201,201,101,101,101,101,101,85,81,71,71,71,70,51,51,51,51,51,26,41,23,21,21,16,15,12,45,501,101,11,16
251,Voivod,Killing Technology,,,,,,,,,86.33,15,,0,365,501,127,201,101,101,101,101,101,85,81,71,71,71,70,51,51,51,51,51,26,41,23,21,18,16,15,12,45,501,101,11,16
252,Europe,Europe,,,,,,,,,86.42,40,32,0,501,320,201,201,101,101,101,101,101,85,81,71,71,71,70,51,51,51,51,51,26,41,23,21,21,16,15,12,45,501,101,11,16
253,Godflesh,Street Cleaner,,,,,,,,,86.50,9,,0,501,501,107,201,64,101,101,34,101,85,81,71,71,71,66,51,51,51,51,51,26,41,23,21,21,16,15,12,45,501,2,11,16
254,Coroner,Punishment for Decadence,,,,,,,,,86.55,20,22,0,501,354,201,201,101,101,101,101,101,85,81,71,71,71,70,51,51,51,51,51,26,41,23,21,21,16,15,12,45,501,101,11,16
255,Dokken,Breaking the Chains,,,,,,,,,86.70,100,,0,501,214,201,201,101,101,101,101,101,85,81,71,71,71,70,51,51,51,51,51,26,41,23,21,21,16,15,12,45,501,101,11,16
256,Bathory,Bathory,,,,,,,,,86.70,40,,0,501,310,176,201,101,101,101,101,101,85,81,71,71,71,70,51,40,51,51,51,26,41,23,21,21,16,15,12,45,501,101,11,16
257,Saxon,Destiny,,,,,,,,,86.70,70,,0,501,244,201,201,101,101,101,101,101,85,81,71,71,71,70,51,51,51,51,51,26,41,23,21,21,16,15,12,45,501,101,11,16
258,Boston,Boston,,,,,,,,,86.87,20,,-17,334,501,201,201,101,83,101,101,101,85,81,71,71,71,70,51,51,51,51,51,26,41,23,21,21,16,15,12,45,501,101,11,16
259,Kingdom Come,Kingdom Come,,,,,,,,,86.90,20,,0,501,300,201,201,101,101,101,101,101,85,81,71,71,71,70,51,51,51,51,51,26,41,23,21,21,16,15,12,45,501,101,11,16
260,Metal Church,The Dark,,,,,,,,,86.97,50,21,0,338,501,201,201,101,101,101,101,101,85,81,71,71,71,70,51,51,51,51,51,26,41,23,21,21,16,15,12,45,501,101,11,16
261,Van Halen,5150,,,,,,,,,87.00,30,,-6,299,501,201,201,101,101,101,101,101,85,81,71,71,71,70,51,51,51,51,51,26,41,23,21,21,16,15,12,45,501,101,11,16
262,Overkill,Taking Over,,,,,,,,,87.00,20,,0,303,501,201,201,101,101,101,101,101,85,81,71,71,71,70,51,51,51,51,51,26,41,23,21,21,16,15,12,45,501,101,11,16
263,Michael Schenker Group,Assault Attack,,,,,,,,,87.07,40,,0,285,501,201,201,101,101,101,101,101,85,81,71,71,71,70,51,51,51,51,51,26,41,23,21,21,16,15,12,45,410,101,11,16
264,Motörhead,Orgasmatron,,,,,,,,,87.07,40,,0,311,501,201,201,101,101,101,101,101,85,81,71,71,71,70,51,51,51,51,25,26,41,23,21,21,16,15,12,45,501,101,11,16
265,Carcass,Symphonies of Sickness,,,,,,,,,87.07,18,,0,386,501,165,201,101,101,101,101,101,85,81,71,54,71,70,51,51,25,51,51,26,41,23,21,21,16,15,12,45,501,101,11,16
266,Twisted Sister,Under the Blade,,,,,,,,,87.13,20,,0,321,501,201,201,101,101,101,101,87,85,81,71,71,71,70,51,51,51,51,51,26,41,23,21,21,16,15,12,45,412,101,11,16
267,The Cult,Sonic Temple,,,,,,,,,87.16,30,20,-1,366,501,201,201,101,101,101,101,101,85,81,71,71,71,70,51,51,51,51,51,26,41,23,21,21,16,15,12,45,501,101,11,16
268,Fate's Warning,The Spectre Within,,,,,,,,,87.30,45,,0,501,287,201,201,101,101,101,101,101,85,81,71,71,71,70,51,51,51,51,51,26,41,23,21,21,16,15,12,45,336,101,11,16
269,Witchfinder General,Death Penalty,,,,,,,,,87.37,20,,0,470,424,122,201,101,101,101,101,101,85,81,71,71,71,70,51,51,51,51,51,26,41,23,21,21,16,15,12,45,416,79,11,16
270,UFO,UFO 1,,,,,,,,,87.43,100,,0,501,236,201,201,101,101,101,101,101,85,81,71,71,71,70,51,51,51,51,51,26,41,23,21,21,16,15,12,45,501,101,11,16
271,Queen,Sheer Heart Attack,,,,,,,,,87.53,16,,0,323,501,201,201,101,101,101,101,101,85,81,71,71,71,70,51,51,51,51,51,26,41,23,21,21,16,15,12,22,251,101,11,16
272,UFO,Obsession,,,,,,,,,87.57,29,,0,356,501,201,201,101,56,101,101,101,85,81,71,71,71,70,51,51,51,51,51,26,41,23,21,21,16,15,12,45,501,101,11,16
273,W.A.S.P.,The Last Command,,,,,,,,,87.67,40,,0,359,501,201,201,101,101,101,101,45,85,81,71,71,71,70,51,51,51,51,51,26,41,23,21,21,16,15,12,45,211,101,11,16
274,Thin Lizzy,Johnny the Fox,,,,,,,,,87.70,25,,0,319,501,201,201,101,101,101,101,101,85,81,71,71,71,70,51,51,51,51,51,26,41,23,21,21,16,15,12,45,287,101,11,16
275,Metal Church,Blessing in Disguise,,,,,,,,,87.77,100,,0,246,501,201,201,101,101,101,101,101,85,81,71,71,71,70,51,51,51,51,51,26,41,23,21,21,16,15,12,45,401,101,11,16
276,Dismember,Like and Ever Flowing Stream,,,,,,,,,87.80,0,,0,501,417,201,174,101,101,101,58,101,85,81,71,71,71,70,51,51,51,51,51,26,41,23,21,21,16,15,12,45,501,101,11,16
277,Napalm Death,From Enslavement to Obliteration,,,,,,,,,87.84,10,21,0,501,447,201,201,59,101,101,101,101,85,81,71,71,71,70,51,51,51,51,51,26,41,23,21,21,16,15,12,45,501,101,11,16
278,Armored Saint,Delirious Nomad,,,,,,,,,88.00,20,,0,333,501,201,201,101,101,101,101,101,85,81,71,71,71,70,51,51,51,51,51,26,41,23,21,21,16,15,12,45,501,101,11,16
279,Anthrax,Fistful of Metal,,,,,,,,,88.03,60,,0,343,501,152,201,101,101,101,101,101,85,81,71,71,71,70,51,51,51,51,51,26,41,23,21,21,16,15,12,45,501,101,11,16
280,Queen,News of the World,,,,,,,,,88.03,27,,-4,372,501,201,201,101,101,101,101,101,85,81,30,71,71,70,51,51,51,51,51,26,41,23,21,21,16,15,12,45,501,101,11,16
281,Faster Pussycat,Faster Pussycat,,,,,,,,,88.06,20,4,0,419,501,201,201,101,101,101,101,101,85,81,71,71,71,70,51,51,51,51,51,26,41,23,21,21,16,15,12,45,501,101,11,16
282,The Clash,London Calling,,,,,,,,,88.10,0,11,0,501,501,201,201,101,101,101,101,101,85,81,3,71,71,70,51,51,51,51,51,26,41,23,21,21,16,15,12,45,501,101,11,16
283,The Ramones,Ramones,,,,,,,,,88.13,15,20,0,501,501,201,201,101,101,101,101,101,85,81,6,71,71,70,51,51,25,51,51,26,41,23,21,21,16,15,12,45,501,101,11,16
284,Blue Oyster Cult,Cultosaurus Erectus,,,,,,,,,88.13,40,,0,501,317,201,201,101,101,101,101,101,85,81,71,71,71,70,51,51,51,51,51,26,41,23,21,21,16,15,12,45,501,101,11,16
285,King's X,Gretchen Goes to Nebraska,,,,,,,,,88.16,100,22,0,324,501,201,201,101,101,101,101,101,85,81,71,71,71,70,51,51,51,51,51,26,41,23,21,21,16,15,12,45,496,101,11,16
286,Manowar,Fighting the World,,,,,,,,,88.26,40,30,0,379,501,201,201,101,101,101,101,101,85,81,71,71,71,70,51,51,51,51,51,26,41,23,21,21,16,15,12,45,501,101,11,16
287,Rush,Permanent Waves,,,,,,,,,88.33,20,,-1,465,501,201,201,101,101,101,101,101,26,81,71,9,71,70,51,51,51,51,51,26,41,23,21,21,16,15,12,45,331,101,11,16
288,Destruction,Release from Agony,,,,,,,,,88.33,100,,0,501,263,201,201,101,101,101,101,101,85,81,71,71,71,70,51,51,51,51,51,26,41,23,21,21,16,15,12,45,501,101,11,16
289,Extreme,Extreme Il: Pornograffitti,,,,,,,,,88.33,20,,-2,345,501,201,201,101,101,101,101,101,85,81,71,71,71,70,51,51,51,51,51,26,41,23,21,21,16,15,12,45,501,101,11,16
290,Flotsam and Jetsam,Doomsday for the Deceiver,,,,,,,,,88.35,20,29,0,433,501,201,201,101,101,101,101,71,85,81,71,71,71,70,51,51,51,51,51,26,41,23,21,21,16,15,12,45,501,101,11,16
291,Queen,Queen II,,,,,,,,,88.39,36,26,0,391,501,201,201,101,101,101,101,101,85,81,71,71,71,70,51,51,51,51,51,26,41,23,21,21,16,15,12,45,414,101,11,16
292,Tesla,The Great Radio Controversy,,,,,,,,,88.48,20,23,-2,415,501,201,201,101,101,101,101,101,85,81,71,71,71,70,51,51,51,51,51,26,41,23,21,21,16,15,12,45,501,101,11,16
293,Nuclear Assault,Handle With Care,,,,,,,,,88.50,100,,0,501,268,201,201,101,101,101,101,101,85,81,71,71,71,70,51,51,51,51,51,26,41,23,21,21,16,15,12,45,501,101,11,16
294,Sarcofago,I.N.R.I.,,,,,,,,,88.50,25,,0,501,372,172,201,101,101,101,101,101,85,81,71,71,71,70,51,51,51,51,51,26,41,23,21,21,16,15,12,45,501,101,11,16
295,Testament,Souls of Black,,,,,,,,,88.53,33,,0,336,501,201,201,101,101,101,101,101,85,81,71,71,71,70,51,51,51,51,51,26,41,23,21,21,16,15,12,45,501,101,11,16
296,Europe,Wings of Tomorrow,,,,,,,,,88.53,40,,0,501,329,201,201,101,101,101,101,101,85,81,71,71,71,70,51,51,51,51,51,26,41,23,21,21,16,15,12,45,501,101,11,16
297,Kingdom Come,In Your Face,,,,,,,,,88.55,50,100,0,501,308,201,201,101,101,101,101,101,85,81,71,71,71,70,51,51,51,51,51,26,41,23,21,21,16,15,12,45,501,101,11,16
298,Exodus,Fabulous Disaster,,,,,,,,,88.57,20,,0,350,501,201,201,101,101,101,101,101,85,81,71,71,71,70,51,51,51,51,51,26,41,23,21,21,16,15,12,22,213,101,11,16
299,Bad Brains,I Against I,,,,,,,,,88.63,6,,0,481,501,201,201,101,101,101,72,101,85,81,71,49,71,32,51,51,51,25,51,26,41,23,21,21,16,15,12,45,501,101,11,16
300,UFO,Force It,,,,,,,,,88.65,20,28,0,413,501,201,201,101,101,101,101,101,85,81,71,71,71,70,51,51,51,51,51,26,41,23,21,21,16,15,12,45,501,101,11,16
301,The Clash,The Clash,,,,,,,,,88.68,0,16,0,501,501,201,201,101,101,101,101,101,85,81,16,71,71,70,51,51,51,51,51,26,41,23,21,21,16,15,12,45,501,101,11,16
302,Scorpions,Taken By Force,,,,,,,,,88.70,60,,0,327,501,201,201,101,101,101,101,101,85,81,70,71,71,70,51,51,51,51,51,26,41,11,21,21,16,15,12,11,145,101,11,16
303,Fate's Warning,No Exit,,,,,,,,,88.73,20,,0,426,501,201,201,101,101,101,101,101,14,81,71,71,71,70,51,51,51,51,51,26,41,23,21,21,16,15,12,45,387,101,11,16
304,Scorpions,Virgin Killer,,,,,,,,,88.80,20,,0,392,501,201,201,101,101,101,101,101,85,81,71,71,71,35,51,51,51,51,51,26,41,23,21,21,16,15,12,45,501,101,11,16
305,Coroner,Mental Vortex,,,,,,,,,88.81,10,18,0,445,501,201,194,101,101,101,101,101,85,81,71,71,71,70,51,51,51,51,51,26,41,23,21,21,16,15,12,45,501,101,11,16
306,Autopsy,Mental Funeral,,,,,,,,,88.83,20,,0,501,425,134,201,101,101,101,101,101,85,81,71,71,71,70,51,51,51,51,51,26,41,23,21,21,16,15,12,45,501,101,11,16
307,Aerosmith,Permanent Vacation,,,,,,,,,88.93,40,,-5,501,501,201,201,101,11,36,101,101,85,81,71,71,71,70,51,51,51,51,51,26,41,23,21,21,16,15,12,45,501,101,11,16
308,The Ramones,Rocket to Russia,,,,,,,,,88.94,0,18,0,501,501,201,201,101,101,101,101,101,85,81,22,71,71,70,51,51,51,51,51,26,41,23,21,21,16,15,12,45,501,101,11,16
309,Aerosmith,Pump,,,,,,,,,88.97,15,,-7,435,501,201,201,101,101,40,101,101,85,81,71,71,71,70,51,51,51,51,51,26,41,23,21,21,16,15,12,45,501,101,11,16
310,Twisted Sister,You Can't Stop Rock n Roll,,,,,,,,,89.10,20,,0,373,501,201,201,101,101,101,101,94,85,81,71,71,71,70,51,51,51,51,51,26,41,23,21,21,16,15,12,45,437,101,11,16
311,Savatage,Sirens,,,,,,,,,89.23,100,,0,290,501,201,201,101,101,101,101,101,85,81,71,71,71,70,51,51,51,51,51,26,41,23,21,21,16,15,12,45,334,101,11,16
312,Meatloaf,Bat Out of Hell,,,,,,,,,89.26,15,27,0,501,501,201,201,101,38,101,101,101,85,81,71,71,71,70,51,51,51,51,51,26,41,23,21,21,16,15,12,45,501,101,11,16
313,Aerosmith,Get Your Wings,,,,,,,,,89.27,25,,-3,369,501,201,201,101,101,101,101,101,85,81,71,71,71,70,51,51,51,51,51,26,41,23,21,21,16,15,12,45,501,101,11,16
314,Fugazi,Repeater,,,,,,,,,89.29,15,16,0,501,501,201,201,101,101,101,101,101,85,81,71,71,20,70,51,51,51,51,51,26,41,23,21,21,16,15,12,45,501,101,11,16
315,David Lee Roth,Eat Em and Smile,,,,,,,,,89.32,10,12,-1,501,501,201,201,101,70,101,101,101,85,81,71,71,71,70,51,51,51,51,51,26,32,23,21,21,16,15,12,45,501,101,11,16
316,Coroner,No More Color,,,,,,,,,89.33,40,,0,501,374,187,201,101,101,101,94,101,85,81,71,71,71,70,51,51,51,51,51,26,41,23,21,21,16,15,12,45,501,101,11,16
317,Yngwie Malmsteen,Trilogy,,,,,,,,,89.33,100,,0,293,501,201,201,101,101,101,101,101,85,81,71,71,71,70,51,51,51,51,51,26,41,23,21,21,16,15,12,45,501,101,11,16
318,Ratt,Invasion of Your Privacy,,,,,,,,,89.40,20,,-2,377,501,201,201,101,101,101,101,101,85,81,71,71,71,70,51,51,51,51,51,26,41,23,21,21,16,15,12,45,345,101,11,16
319,Dead Kennedys,Fresh Fruit for Rotting Vegetables,,,,,,,,,89.42,12,15,0,501,501,201,201,101,101,101,101,101,85,81,71,28,71,70,51,51,51,51,51,26,41,23,21,21,16,15,12,45,501,101,11,16
320,Jane's Addiction,Nothing's Shocking,,,,,,,,,89.43,10,,-1,501,501,201,201,101,101,101,101,101,85,81,71,12,71,41,51,51,25,51,51,26,41,23,21,21,16,15,12,45,501,101,11,16
321,Budgie,Budgie,,,,,,,,,89.47,10,,0,387,501,201,201,101,101,101,101,101,85,81,71,71,71,70,51,51,51,51,51,26,41,23,21,21,16,15,12,45,501,101,11,16
322,Scorpions,Animal Magnetism,,,,,,,,,89.50,50,,-1,349,501,201,201,101,101,101,101,101,85,81,71,71,71,70,51,51,51,51,51,26,41,23,21,21,16,15,12,45,209,101,11,16
323,The Ramones,Leave Home,,,,,,,,,89.52,6,18,0,501,501,201,201,101,101,101,101,101,85,81,34,71,71,70,51,51,51,51,51,26,41,23,21,21,16,15,12,45,501,101,11,16
324,Ministry,The Mind is a Terrible Thing to Taste,,,,,,,,,89.57,10,,0,501,501,201,201,101,101,101,22,101,85,81,71,71,71,70,51,51,25,51,51,26,35,23,21,21,16,15,12,45,501,101,11,16
325,D.R.I.,Thrash Zone,,,,,,,,,89.60,100,,0,501,301,201,201,101,101,101,101,101,85,81,71,71,71,70,51,51,51,51,51,26,41,23,21,21,16,15,12,45,501,101,11,16
326,Black Sabbath,Technical Ecstasy,,,,,,,,,89.70,60,,0,344,501,201,201,101,101,101,101,101,85,81,71,71,71,70,51,51,51,51,51,26,41,23,21,21,16,15,12,45,501,101,11,16
327,Social Distortion,Social Distortion,,,,,,,,,89.71,10,23,0,501,501,201,201,101,101,101,101,101,85,81,71,71,31,70,51,51,51,51,51,26,41,23,21,21,16,15,12,45,501,101,11,16
328,Journey,Escape,,,,,,,,,89.74,35,37,-9,501,501,201,201,101,32,101,101,101,85,81,71,71,71,70,51,51,51,51,51,26,41,23,21,21,16,15,12,45,501,101,11,16
329,Cirith Ungol,Frost and Fire,,,,,,,,,89.77,40,,0,501,366,201,201,101,101,101,101,101,85,81,71,71,71,70,51,51,51,51,51,26,41,23,21,21,16,15,12,45,501,101,11,16
330,Rush,Rush,,,,,,,,,89.80,60,,0,363,501,201,201,101,85,101,101,101,85,81,71,71,71,70,51,51,51,51,51,26,41,23,21,21,16,15,12,45,245,101,11,16
331,Iggy and the Stooges,Raw Power,,,,,,,,,89.83,1,,0,501,501,201,201,101,60,101,101,101,85,81,18,71,71,70,51,51,51,51,51,26,41,23,21,21,16,15,12,45,310,101,11,16
332,Death Angel,The Ultra-Violence,,,,,,,,,89.90,40,,0,370,501,201,201,101,101,101,101,101,85,81,71,71,71,70,51,51,51,51,51,26,41,23,21,21,16,15,12,45,501,101,11,16
333,Tygers of Pan Tang,Spellbound,,,,,,,,,89.94,100,64,0,337,501,201,201,101,101,101,101,101,85,81,71,71,71,70,51,51,51,51,51,26,41,23,21,21,16,15,12,45,493,101,11,16
334,Melvins,Bullhead,,,,,,,,,89.94,20,21,0,501,501,201,201,60,101,101,101,101,85,81,71,71,71,70,51,51,51,51,51,26,41,23,21,21,16,15,12,45,501,101,11,16
335,Fastway,Fastway,,,,,,,,,90.00,100,,0,313,501,201,201,101,101,101,101,101,85,81,71,71,71,70,51,51,51,51,51,26,41,23,21,21,16,15,12,45,442,101,11,16
336,Exhorder,Slaughter in the Vatican,,,,,,,,,90.07,100,,0,501,315,201,201,101,101,101,101,101,85,81,71,71,71,70,51,51,51,51,51,26,41,23,21,21,16,15,12,45,501,52,11,16
337,Artillery,By Inheritance,,,,,,,,,90.07,10,,0,501,405,201,201,101,101,101,101,101,85,81,71,71,71,70,51,51,51,51,51,26,41,23,21,21,16,15,12,45,501,101,11,16
338,The Stooges,Fun House,,,,,,,,,90.07,1,,0,501,501,201,201,101,55,101,101,101,85,81,41,71,71,70,51,51,51,51,51,26,41,23,21,21,16,4,12,45,501,101,11,16
339,Europe,The Final Countdown,,,,,,,,,90.13,10,36,-3,464,501,201,201,101,101,101,101,101,85,81,71,71,71,70,51,51,51,51,51,26,41,23,21,21,16,15,12,45,451,101,11,16
340,Grim Reaper,See You In Hell,,,,,,,,,90.13,20,,0,397,501,201,201,101,101,101,101,101,85,81,71,71,71,70,51,51,51,51,51,26,41,23,21,21,16,15,12,45,501,101,11,16
341,Kiss,Music From The Elder,,,,,,,,,90.16,73,71,0,501,364,201,201,101,101,101,101,101,85,81,71,71,71,70,51,51,51,51,51,26,41,23,21,21,16,15,12,45,501,101,11,16
342,Suffocation,Effigy of the Forgotten,,,,,,,,,90.19,20,14,0,501,501,201,201,101,101,101,101,101,85,81,71,71,71,70,51,51,25,51,51,26,41,23,21,21,16,15,12,45,501,63,11,16
343,Badlands,Voodoo Highway,,,,,,,,,90.20,100,,0,501,319,201,201,101,101,101,101,101,85,81,71,71,71,70,51,51,51,51,51,26,41,23,21,21,16,15,12,45,501,101,11,16
344,Rush,Fly by Night,,,,,,,,,90.23,50,29,-1,439,501,201,201,101,101,101,101,101,85,81,64,71,71,70,51,51,51,51,51,26,41,23,21,21,16,15,12,45,501,101,11,16
345,Cinderella,Night Songs,,,,,,,,,90.23,40,,-3,383,501,201,201,101,101,101,101,101,85,81,71,71,71,70,51,51,51,51,51,26,41,23,21,21,16,15,12,45,501,101,11,16
346,Jane's Addiction,Ritual de lo Habitual,,,,,,,,,90.32,26,21,-2,501,501,201,201,101,101,101,101,101,85,81,71,71,38,70,51,51,51,51,51,26,41,23,21,21,16,15,12,45,501,101,11,16
347,Saint Vitus,Born Too Late,,,,,,,,,90.37,20,,0,501,404,201,201,101,101,101,101,101,85,81,71,71,71,70,51,51,51,51,51,26,41,23,21,21,16,15,12,45,501,101,11,16
348,Warlock,Triumph and Agony,,,,,,,,,90.43,20,,0,406,501,201,201,101,101,101,101,101,85,81,71,71,71,70,51,51,51,51,51,26,41,23,21,21,16,15,12,45,360,101,11,16
349,New York Dolls,New York Dolls,,,,,,,,,90.43,10,,0,501,501,201,201,101,25,101,101,101,85,81,62,71,71,70,51,51,51,51,51,26,41,23,21,21,16,15,12,45,501,101,11,16
350,ZZ Top,Eliminator,,,,,,,,,90.45,25,22,-10,501,501,201,201,101,80,101,101,101,85,81,71,71,71,70,51,51,51,51,51,26,41,23,21,21,16,15,12,45,501,101,11,16
351,Uriah Heep,Sweet Freedom,,,,,,,,,90.48,40,23,0,455,501,201,201,101,101,101,101,101,85,81,71,71,71,70,51,51,51,51,51,26,41,23,21,21,16,15,12,45,501,101,11,16
352,Autopsy,Severed Survival,,,,,,,,,90.73,10,,0,459,467,201,201,101,101,101,101,101,85,81,71,71,71,70,51,51,51,51,51,26,41,23,21,21,16,15,12,45,501,42,11,16
353,Motörhead,Motörhead,,,,,,,,,90.73,40,,0,395,501,201,201,101,101,101,101,101,85,81,71,71,71,70,51,51,51,51,51,26,41,23,21,21,16,15,12,45,501,101,11,16
354,Sortilege,Metamorphose,,,,,,,,,90.74,100,100,0,501,326,201,201,101,101,101,101,101,85,81,71,71,71,70,51,51,51,51,51,26,41,23,21,21,16,15,12,45,501,101,11,16
355,Suicidal Tendencies,How Will I Laugh Tomorrow…,,,,,,,,,90.83,10,,0,428,501,201,201,101,101,101,101,101,85,81,71,71,71,70,51,51,51,51,51,26,41,23,21,21,16,15,12,45,501,101,11,16
356,Dokken,Back for the Attack,,,,,,,,,90.93,100,,-1,340,501,201,201,101,101,101,101,101,85,81,71,71,71,70,51,51,51,51,51,26,41,23,21,21,18,15,12,45,459,101,11,16
357,Living Colour,Vivid,,,,,,,,,90.97,5,,0,501,501,201,201,71,101,101,101,101,85,81,71,37,71,70,51,51,51,51,51,26,41,23,21,21,16,15,12,45,358,101,11,16
358,The Who,Who's Next,,,,,,,,,90.97,0,,-3,501,501,201,201,101,101,101,101,101,85,81,15,71,71,70,51,51,51,51,51,26,41,23,21,21,16,15,12,45,501,101,11,16
359,AC/DC,The Razor's Edge,,,,,,,,,91.00,36,,-5,431,501,201,201,101,101,101,101,101,85,81,71,71,52,70,51,51,51,51,51,26,41,23,21,21,16,15,12,45,355,101,11,16
360,Soundgarden,Louder than Love,,,,,,,,,91.00,37,28,0,501,501,201,201,69,101,101,101,101,85,81,71,71,71,70,51,51,51,51,51,26,41,23,21,21,16,15,12,45,501,101,11,16
361,Nazareth,Hair of the Dog,,,,,,,,,91.07,10,,-1,436,501,201,201,101,101,101,101,101,85,81,71,71,71,70,51,51,51,51,51,26,41,23,21,21,16,15,12,45,246,101,11,16
362,Deep Purple,Fireball,,,,,,,,,91.07,10,,0,441,501,201,201,101,101,101,101,101,85,81,65,71,71,70,51,51,51,51,51,26,41,23,21,21,16,15,12,45,501,101,11,16
363,Peter Criss,Peter Criss,,,,,,,,,91.13,80,,-1,501,368,201,201,101,101,101,101,101,85,81,71,71,71,70,51,51,51,51,51,26,41,23,21,21,16,15,12,45,501,101,11,16
364,Cinderella,Long Cold Winter,,,,,,,,,91.17,40,,-3,411,501,201,201,101,101,101,101,101,85,81,71,71,71,70,51,51,51,51,51,26,41,23,21,21,16,15,12,45,445,101,11,16
365,Vio-Lence,Eternal Nightmare,,,,,,,,,91.19,100,75,0,501,365,201,201,101,101,101,101,101,85,81,71,71,71,70,51,51,51,51,51,26,41,23,21,21,16,15,12,45,501,101,11,16
366,Sir Lord Baltimore,Kingdom Come,,,,,,,,,91.26,100,26,0,501,501,201,201,101,101,101,101,101,26,81,71,71,71,70,51,51,51,51,25,26,41,23,21,21,16,15,12,45,501,101,11,16
367,Repulsion,Horrified,,,,,,,,,91.39,100,17,0,501,501,129,201,101,101,101,101,101,85,81,71,71,71,70,51,51,51,51,51,26,41,23,21,21,16,15,12,45,501,101,11,16
368,Bad Company ,Bad Company,,,,,,,,,91.40,20,,-5,501,501,201,201,101,40,101,101,101,85,81,71,71,71,70,51,51,51,51,51,26,41,23,21,21,16,15,12,45,489,101,11,16
369,Sodom,In the Sign of Evil,,,,,,,,,91.52,100,23,0,501,427,201,201,101,101,101,101,101,85,81,71,71,71,70,51,51,51,51,51,26,41,23,21,21,16,15,12,45,501,101,11,16
370,Minor Threat,Out of Step,,,,,,,,,91.53,10,,0,501,501,201,201,101,101,101,101,101,85,81,71,19,71,70,51,51,51,51,51,26,41,23,21,21,16,15,12,45,501,101,11,16
371,Poison,Look What the Cat Dragged In,,,,,,,,,91.60,45,,-3,442,501,201,201,101,101,99,101,101,85,81,71,71,71,70,51,51,51,51,51,26,20,23,21,21,16,15,12,45,418,101,11,16
372,Black Flag,Damaged,,,,,,,,,91.60,6,,0,501,501,201,201,101,101,101,101,101,85,81,71,26,71,70,51,51,51,51,51,26,41,23,21,21,16,14,12,45,501,101,11,16
373,Bad Brains,Bad Brains,,,,,,,,,91.70,5,,0,501,501,201,201,101,101,101,101,101,85,81,71,29,71,70,51,51,51,51,51,26,41,23,21,21,16,15,12,45,501,101,11,16
374,Raven,All for One,,,,,,,,,91.83,100,,0,368,501,201,201,101,101,101,101,101,85,81,71,71,71,70,51,51,51,51,51,26,41,23,21,21,16,15,12,45,501,101,11,16
375,Terrorizer,World Downfall,,,,,,,,,91.83,10,,0,501,501,158,201,101,101,101,101,101,85,81,71,71,71,70,51,51,51,51,51,26,41,23,21,21,16,15,12,45,501,101,11,16
376,Van Halen,OU812,,,,,,,,,91.87,30,,-4,501,501,201,201,101,101,43,101,101,85,81,71,71,71,70,51,51,51,51,51,26,41,23,21,21,16,15,12,45,501,101,11,16
377,The Misfits,Walk Among Us,,,,,,,,,91.87,9,,0,501,501,201,201,101,101,101,101,101,85,81,71,30,71,70,51,51,51,51,51,26,41,23,21,21,16,15,12,45,501,101,11,16
378,Overkill,Feel the Fire,,,,,,,,,91.90,40,,0,501,501,156,201,101,101,101,101,101,85,81,71,71,71,70,51,51,25,51,51,26,41,23,21,21,16,15,12,45,501,101,11,16
379,Sodom,Obsessed by Cruelty,,,,,,,,,91.90,70,,0,501,400,201,201,101,101,101,101,101,85,81,71,71,71,70,51,51,51,51,51,26,41,23,21,21,16,15,12,45,501,101,11,16
380,Blue Oyster Cult,Fire of Unknown Origin,,,,,,,,,91.93,20,,0,451,501,201,201,101,101,101,101,101,85,81,71,71,71,70,51,51,51,51,51,26,41,23,21,21,16,15,12,45,501,101,11,16
381,Bad Religion,Suffer,,,,,,,,,91.93,20,,0,501,501,201,201,101,101,101,101,101,85,81,71,47,71,70,51,51,25,51,51,26,41,23,21,21,16,15,12,45,501,101,11,16
382,Voivod,War and Pain,,,,,,,,,92.00,35,,0,438,501,201,201,101,101,101,101,101,85,81,71,71,71,70,51,51,51,51,51,26,41,23,21,21,16,15,12,45,501,77,11,16
383,Bathory,Twilight of the Gods,,,,,,,,,92.03,40,,0,501,434,201,201,101,101,101,101,101,85,81,71,71,71,70,51,51,51,51,51,26,41,23,21,21,16,15,12,45,501,101,11,16
384,Violent Femmes,Violent Femmes,,,,,,,,,92.03,10,,0,501,501,201,201,101,101,101,101,101,85,81,71,34,71,70,51,51,51,51,51,26,41,23,21,21,16,15,12,45,501,101,11,16
385,King Diamond,Fatal Portrait,,,,,,,,,92.06,40,25,0,501,501,201,201,101,101,101,101,101,85,81,71,71,71,71,51,51,51,51,51,26,41,23,21,21,16,15,12,45,501,46,11,16
386,Ted Nugent,Ted Nugent,,,,,,,,,92.13,20,,-2,501,501,201,201,101,59,101,101,101,85,81,71,71,71,70,51,51,51,51,51,26,41,23,21,21,16,15,12,45,244,101,11,16
387,Armored Saint,March of the Saint,,,,,,,,,92.20,10,,0,469,501,201,201,101,101,101,101,101,85,81,71,71,71,70,51,51,51,51,51,26,41,23,21,21,16,15,12,45,423,101,11,16
388,Aerosmith,Draw the Line,,,,,,,,,92.23,45,,-2,501,501,201,201,101,37,101,101,101,85,81,71,71,71,70,51,51,51,51,51,26,41,23,21,21,16,15,12,45,501,101,11,16
389,Razor,Evil Invaders,,,,,,,,,92.29,100,25,0,501,449,201,201,101,101,101,101,101,85,81,71,71,71,70,51,51,51,51,51,26,41,23,21,21,16,15,12,45,501,101,11,16
390,Bon Jovi,New Jersey,,,,,,,,,92.30,25,,0,501,501,201,201,101,101,57,101,101,85,81,71,71,71,70,51,51,51,51,51,26,41,23,21,21,16,15,12,45,501,101,11,16
391,Descendants,Milo Goes to College,,,,,,,,,92.30,10,,0,501,501,201,201,101,101,101,101,101,85,81,71,42,71,70,51,51,51,51,51,26,41,23,21,21,16,15,12,45,501,101,11,16
392,Deep Purple,Stormbringer,,,,,,,,,92.32,60,33,0,501,501,201,201,101,101,101,101,101,85,81,52,71,71,70,51,51,51,51,51,26,41,23,21,21,16,15,12,45,490,101,11,16
393,Mountain,Climbing!,,,,,,,,,92.33,10,,0,501,501,201,201,101,101,73,101,101,85,81,71,71,71,70,51,51,51,51,51,26,41,23,21,21,16,15,12,45,230,101,11,16
394,Jethro Tull,Aqualung,,,,,,,,,92.33,10,,0,473,501,201,201,101,101,101,101,101,85,81,71,71,71,70,51,51,51,51,51,26,41,23,21,21,16,15,12,45,349,101,11,16
395,King Diamond,The Eye,,,,,,,,,92.37,40,,0,444,501,201,201,101,101,101,101,101,85,81,71,71,71,70,51,51,51,51,51,26,41,23,21,21,16,15,12,45,501,101,11,16
396,Anvil,Metal on Metal,,,,,,,,,92.40,100,,0,385,501,201,201,101,101,101,101,101,85,81,71,71,71,70,51,51,51,51,51,26,41,23,21,21,16,15,12,45,492,101,11,16
397,Sepultura,Morbid Visions,,,,,,,,,92.40,40,,0,501,463,183,201,101,101,101,101,101,85,81,71,71,71,70,51,51,51,51,51,26,41,23,21,21,16,15,12,45,501,101,11,16
398,Magnum,Chase the Dragon,,,,,,,,,92.42,100,10,0,501,501,201,201,101,68,101,101,101,85,81,71,71,71,70,51,51,51,51,51,26,41,23,21,21,16,15,12,45,501,101,11,16
399,Iggy Pop,Instinct,,,,,,,,,92.42,50,59,0,501,501,201,201,101,69,101,101,101,85,81,71,71,71,70,51,51,51,51,51,26,41,23,21,21,16,15,12,45,501,101,11,16
400,D.R.I.,Crossover,,,,,,,,,92.43,100,,0,501,392,201,201,101,101,101,95,101,85,81,71,71,71,70,51,51,51,51,51,26,41,23,21,21,16,15,12,45,501,101,11,16
401,Free,Fire and Water,,,,,,,,,92.47,10,,0,501,501,201,201,101,101,77,101,101,85,81,71,71,71,70,51,51,51,51,51,26,41,23,21,21,16,15,12,45,484,101,11,16
402,The Ramones,Road to Ruin,,,,,,,,,92.47,10,,0,501,501,201,201,101,101,101,101,101,85,81,47,71,71,70,51,51,51,51,51,26,41,23,21,21,16,15,12,45,501,101,11,16
403,Cirith Ungol,King of the Dead,,,,,,,,,92.50,60,,0,501,428,201,201,101,101,101,101,101,85,81,71,71,71,70,51,51,51,51,51,26,41,23,21,21,16,15,12,45,501,41,11,16
404,Nocturnus,The Key,,,,,,,,,92.53,20,,0,501,501,201,169,101,101,101,101,101,85,81,71,71,71,70,51,51,51,51,51,26,41,23,21,21,16,15,12,45,501,101,11,16
405,Nirvana,Bleach,,,,,,,,,92.53,16,,0,496,501,201,201,101,101,101,101,101,85,81,71,48,71,70,51,51,51,51,51,26,41,23,21,21,16,15,12,45,501,101,11,16
406,Pentagram,Day of Reckoning,,,,,,,,,92.57,10,,0,501,501,201,201,101,101,101,80,101,85,81,71,71,71,70,51,51,51,51,51,26,41,23,21,21,16,15,12,45,501,101,11,16
407,Saint Vitus,Saint Vitus,,,,,,,,,92.60,40,,0,501,451,201,201,101,101,101,101,101,85,81,71,71,71,70,51,51,51,51,51,26,41,23,21,21,16,15,12,45,501,13,11,16
408,Iggy Pop,Lust for Life,,,,,,,,,92.60,3,,0,501,501,201,201,101,101,101,101,101,85,81,58,71,71,70,51,51,51,51,51,26,41,23,21,21,16,15,12,45,501,101,11,16
409,Anthrax,State of Euphoria,,,,,,,,,92.63,50,,0,501,501,201,201,101,94,49,101,101,85,81,71,71,71,70,51,51,51,51,51,26,41,23,21,21,16,15,12,45,343,101,11,16
410,Rainbow,Ritchie Blackmore's Rainbow,,,,,,,,,92.70,50,,0,501,501,195,181,101,101,101,101,101,85,81,40,71,71,70,51,51,51,51,51,26,41,23,21,21,16,15,12,11,234,101,11,16
411,Steve Vai,Passion & Warfare,,,,,,,,,92.70,15,,0,479,501,201,201,101,101,101,101,101,85,81,71,71,71,70,51,51,51,51,51,26,41,23,21,21,16,15,12,45,501,101,11,16
412,Cannibal Corpse,Butchered at Birth,,,,,,,,,92.73,20,,0,501,501,201,201,101,101,101,101,101,85,81,71,71,71,70,51,51,25,51,51,26,41,23,21,21,16,15,12,45,501,101,11,16
413,Thin Lizzy,Black Rose,,,,,,,,,92.77,20,,0,501,501,201,201,101,101,101,101,101,85,81,46,71,71,70,51,51,51,51,51,26,41,23,21,21,16,15,12,45,457,101,11,16
414,Def Leppard,On Through the Night,,,,,,,,,92.80,35,,-1,463,501,201,201,101,101,101,101,101,85,81,71,71,71,70,51,51,51,51,51,26,41,23,21,21,16,15,12,45,501,101,11,16
415,Kreator,Terrible Certainty,,,,,,,,,92.82,10,,0,501,501,201,201,101,101,101,101,101,85,81,71,71,71,70,51,51,51,51,51,12.5,41,23,21,21,16,15,12,45,501,101,11,16
416,Bon Jovi,Bon Jovi,,,,,,,,,92.83,45,,-1,501,501,201,201,101,54,101,101,101,85,81,71,71,71,70,51,51,51,51,51,26,41,23,21,21,16,15,12,45,501,101,11,16
417,Grand Funk,We're An American Band,,,,,,,,,92.83,10,,-1,501,501,201,201,101,101,89,101,101,85,81,71,71,71,70,51,51,51,51,51,26,41,23,21,21,16,15,12,45,501,101,11,16
418,Love/Hate,Blackout in the Red Room,,,,,,,,,92.84,100,35,0,485,472,201,201,101,101,101,101,101,85,81,71,71,71,70,51,51,51,51,51,26,41,23,21,21,16,15,12,45,501,101,11,16
419,Bolt Thrower,War Master,,,,,,,,,92.87,10,,0,501,489,201,201,101,101,101,101,101,85,81,71,71,71,70,51,51,51,51,51,26,41,23,21,21,16,15,12,45,501,101,11,16
420,REO Speedwagon,Hi Infidelity,,,,,,,,,92.87,10,,-10,501,501,201,201,101,101,101,101,101,85,81,71,71,71,70,51,51,51,51,51,26,41,21,21,21,16,15,12,45,501,101,11,16
421,Cheap Trick,Cheap Trick,,,,,,,,,92.93,6,,0,495,501,201,201,101,101,101,101,101,85,81,71,71,71,70,51,51,51,51,51,26,41,23,21,21,16,15,12,45,501,101,11,16
422,Cheap Trick,Heaven Tonight,,,,,,,,,92.93,0,,0,501,501,201,201,101,101,101,101,101,85,81,71,71,71,70,51,51,51,51,51,26,41,23,21,21,16,15,12,45,501,101,11,16
423,The Damned,Damned Damned Damned,,,,,,,,,92.93,10,,0,501,501,201,201,101,101,101,101,101,85,81,61,71,71,70,51,51,51,51,51,26,41,23,21,21,16,15,12,45,501,101,11,16
424,Ted Nugent,Free for All,,,,,,,,,92.94,100,38,-2,458,501,201,201,101,101,101,101,101,85,81,71,71,71,70,51,51,51,51,51,26,41,23,21,21,16,15,12,45,501,101,11,16
425,D.R.I.,4 Of A Kind,,,,,,,,,92.97,100,,0,501,402,201,201,101,101,101,101,101,85,81,71,71,71,70,51,51,51,51,51,26,41,23,21,21,16,15,12,45,501,101,11,16
426,Lita Ford,Lita,,,,,,,,,93.00,20,,0,501,501,201,201,101,101,83,101,101,85,81,71,71,71,70,51,51,51,51,51,26,41,23,21,21,16,15,12,45,501,101,11,16
427,Budgie,Bandolier,,,,,,,,,93.03,20,,0,484,501,201,201,101,101,101,101,101,85,81,71,71,71,70,51,51,51,51,51,26,41,23,21,21,16,15,12,45,501,101,11,16
428,Led Zeppelin,Presence,,,,,,,,,93.07,33,,-3,501,501,201,201,101,101,101,101,101,85,81,71,71,71,70,51,51,51,25,51,26,41,23,21,21,16,15,12,45,156,101,11,16
429,Dream Theatre,When Dream and Day Unite,,,,,,,,,93.13,40,,0,467,501,201,201,101,101,101,101,101,85,81,71,71,71,70,51,51,51,51,51,26,41,23,21,21,16,15,12,45,501,101,11,16
430,Captain Beyond,Captain Beyond,,,,,,,,,93.13,10,,0,501,501,201,201,101,101,101,101,101,85,81,67,71,71,70,51,51,51,51,51,26,41,23,21,21,16,15,12,45,501,101,11,16
431,Cro-Mags,Age of Quarrel,,,,,,,,,93.20,10,,0,501,501,201,201,101,101,101,101,101,85,81,71,71,71,68,51,51,51,51,51,26,41,23,21,21,16,15,12,45,501,101,11,16
432,Venom,At War with Satan,,,,,,,,,93.20,20,,0,501,501,189,201,101,101,101,101,101,85,81,71,71,71,70,51,51,51,51,51,26,41,23,21,21,16,15,12,45,501,101,11,16
433,Aldo Nova,Aldo Nova,,,,,,,,,93.27,10,,0,501,501,201,201,101,101,101,101,101,85,81,71,71,71,70,51,51,51,51,51,26,41,23,21,21,16,15,12,45,501,101,11,16
434,MC5,Back in the USA,,,,,,,,,93.27,10,,0,501,501,201,201,101,101,101,101,101,85,81,71,71,71,70,51,51,51,51,51,26,41,23,21,21,16,15,12,45,501,101,11,16
435,Robin Trower,Bridge of Sighs,,,,,,,,,93.27,10,,0,501,501,201,201,101,101,101,101,101,85,81,71,71,71,70,51,51,51,51,51,26,41,23,21,21,16,15,12,45,501,101,11,16
436,Pestilence,Consuming Impulse,,,,,,,,,93.27,10,,0,501,501,201,201,101,101,101,101,101,85,81,71,71,71,70,51,51,51,51,51,26,41,23,21,21,16,15,12,45,501,101,11,16
437,Atomic Rooster,Death Walks Behind You,,,,,,,,,93.27,10,,0,501,501,201,201,101,101,101,101,101,85,81,71,71,71,70,51,51,51,51,51,26,41,23,21,21,16,15,12,45,501,101,11,16
438,Cheap Trick,Dream Police,,,,,,,,,93.27,10,,0,501,501,201,201,101,101,101,101,101,85,81,71,71,71,70,51,51,51,51,51,26,41,23,21,21,16,15,12,45,501,101,11,16
439,Rita Lee & Tutti Frutti,Fruto Proibido,,,,,,,,,93.27,10,,0,501,501,201,201,101,101,101,101,101,85,81,71,71,71,70,51,51,51,51,51,26,41,23,21,21,16,15,12,45,501,101,11,16
440,The Dictators,Girl Go Crazy,,,,,,,,,93.27,10,,0,501,501,201,201,101,101,101,101,101,85,81,71,71,71,70,51,51,51,51,51,26,41,23,21,21,16,15,12,45,501,101,11,16
441,Cheap Trick,In Color,,,,,,,,,93.27,10,,0,501,501,201,201,101,101,101,101,101,85,81,71,71,71,70,51,51,51,51,51,26,41,23,21,21,16,15,12,45,501,101,11,16
442,Triumph,Just A Game,,,,,,,,,93.27,10,,0,501,501,201,201,101,101,101,101,101,85,81,71,71,71,70,51,51,51,51,51,26,41,23,21,21,16,15,12,45,501,101,11,16
443,Heart,Little Queen,,,,,,,,,93.27,10,,0,501,501,201,201,101,101,101,101,101,85,81,71,71,71,70,51,51,51,51,51,26,41,23,21,21,16,15,12,45,501,101,11,16
444,Fate's Warning,Perfect Stymmetry,,,,,,,,,93.27,10,,0,501,501,201,201,101,101,101,101,101,85,81,71,71,71,70,51,51,51,51,51,26,41,23,21,21,16,15,12,45,501,101,11,16
445,The Who,Quadrophenia,,,,,,,,,93.27,10,,0,501,501,201,201,101,101,101,101,101,85,81,71,71,71,70,51,51,51,51,51,26,41,23,21,21,16,15,12,45,501,101,11,16
446,Blind Guardian,Tales from the Twilight World,,,,,,,,,93.27,10,,0,501,501,201,201,101,101,101,101,101,85,81,71,71,71,70,51,51,51,51,51,26,41,23,21,21,16,15,12,45,501,101,11,16
447,Ministry,The Land of Rape and Honey,,,,,,,,,93.27,10,,0,501,501,201,201,101,101,101,101,101,85,81,71,71,71,70,51,51,51,51,51,26,41,23,21,21,16,15,12,45,501,101,11,16
448,The Runaways,The Runaways,,,,,,,,,93.27,10,,0,501,501,201,201,101,101,101,101,101,85,81,71,71,71,70,51,51,51,51,51,26,41,23,21,21,16,15,12,45,501,101,11,16
449,DEMON,The Unexpected Guest,,,,,,,,,93.27,10,,0,501,501,201,201,101,101,101,101,101,85,81,71,71,71,70,51,51,51,51,51,26,41,23,21,21,16,15,12,45,501,101,11,16
450,Winger,Winger,,,,,,,,,93.27,10,,0,501,501,201,201,101,101,101,101,101,85,81,71,71,71,70,51,51,51,51,51,26,41,23,21,21,16,15,12,45,501,101,11,16
451,Sweet,Desolation Boulevard,,,,,,,,,93.27,25,,0,486,501,201,201,101,101,101,101,101,85,81,71,71,71,70,51,51,51,51,51,26,41,23,21,21,16,15,12,45,501,101,11,16
452,Naked City,Torture Garden,,,,,,,,,93.27,20,,0,501,501,201,201,91,101,101,101,101,85,81,71,71,71,70,51,51,51,51,51,26,41,23,21,21,16,15,12,45,501,101,11,16
453,Kiss,Lick it Up,,,,,,,,,93.30,55,,0,457,501,201,201,101,101,101,101,101,85,81,71,71,71,70,51,51,51,51,51,26,41,23,21,21,16,15,12,45,372,101,11,16
454,Raven,Wiped Out,,,,,,,,,93.37,20,,0,494,501,201,201,101,101,101,101,101,85,81,71,71,71,70,51,51,51,51,51,26,41,23,21,21,16,15,12,45,501,101,11,16
455,Scorpions,Crazy World,,,,,,,,,93.37,21,,-2,501,501,201,201,101,101,101,101,101,85,81,71,71,71,70,51,51,51,51,51,26,41,23,15,21,16,15,12,45,501,101,11,16
456,Uriah Heep,Very Eavy Very Umble,,,,,,,,,93.40,40,,0,501,501,201,201,101,101,101,101,101,85,81,71,71,71,70,51,51,51,51,25,26,41,23,21,21,16,15,12,45,228,101,11,16
457,Napalm Death,Harmony Corruption,,,,,,,,,93.40,50,,0,501,465,201,201,101,101,101,101,101,85,81,71,71,71,70,51,51,51,51,51,26,41,23,21,21,16,15,12,45,448,101,11,16
458,James Gang,Rides Again,,,,,,,,,93.43,15,,0,501,501,201,201,101,101,101,101,101,85,81,71,71,71,70,51,51,51,51,51,26,41,23,21,21,16,15,12,45,501,101,11,16
459,Exciter,Violence & Force,,,,,,,,,93.47,100,,0,417,501,201,201,101,101,101,101,101,85,81,71,71,71,70,51,51,51,51,51,26,41,23,21,21,16,15,12,45,501,101,11,16
460,Budgie,In For The Kill,,,,,,,,,93.50,40,,0,501,501,201,201,101,101,101,101,101,85,81,60,71,71,70,51,51,51,51,51,26,41,11,21,21,16,15,12,45,501,101,11,16
461,Aerosmith,Aerosmith,,,,,,,,,93.53,25,,-2,501,501,201,201,101,101,101,101,101,85,81,66,71,71,70,51,51,51,51,51,26,41,23,21,21,16,15,12,45,68,101,11,16
462,David Lee Roth,Skyscraper,,,,,,,,,93.53,30,,0,501,501,201,201,101,89,101,101,101,85,81,71,71,71,70,51,51,51,51,51,26,41,23,21,21,16,15,12,45,501,101,11,16
463,Queen,The Game,,,,,,,,,93.53,22,,-4,501,501,201,201,101,101,101,101,101,85,81,71,71,71,70,51,51,51,51,51,26,41,23,21,21,16,15,12,45,501,101,11,16
464,David Bowie,The Man Who Sold the World,,,,,,,,,93.57,19,,0,501,501,201,201,101,101,101,101,101,85,81,71,71,71,70,51,51,51,51,51,26,41,23,21,21,16,15,12,45,501,101,11,16
465,Primus,Sailing the Seas of Cheese,,,,,,,,,93.57,20,,-1,501,501,201,201,101,101,101,101,101,85,81,71,71,71,70,51,51,51,51,51,26,41,23,21,21,16,15,12,45,501,101,11,16
466,Whitesnake,Saints & Sinners,,,,,,,,,93.60,20,,0,501,501,201,201,101,101,101,101,101,85,81,71,71,71,70,51,51,51,51,51,26,41,23,21,21,16,15,12,45,274,101,11,16
467,Primus,Fizzle Fry,,,,,,,,,93.60,20,,0,501,501,201,201,101,101,101,101,101,85,81,71,71,71,70,51,51,51,51,51,26,41,23,21,21,16,15,12,45,501,101,11,16
468,Foreigner,Foreigner,,,,,,,,,93.60,20,,0,501,501,201,201,101,101,101,101,101,85,81,71,71,71,70,51,51,51,51,51,26,41,23,21,21,16,15,12,45,501,101,11,16
469,Death Angel,Frolic Through the Park,,,,,,,,,93.60,20,,0,501,501,201,201,101,101,101,101,101,85,81,71,71,71,70,51,51,51,51,51,26,41,23,21,21,16,15,12,45,501,101,11,16
470,Melvins,Gluey Porch Treatments,,,,,,,,,93.60,20,,0,501,501,201,201,101,101,101,101,101,85,81,71,71,71,70,51,51,51,51,51,26,41,23,21,21,16,15,12,45,501,101,11,16
471,Grave Digger,Heavy Metal Breakdown,,,,,,,,,93.60,20,,0,501,501,201,201,101,101,101,101,101,85,81,71,71,71,70,51,51,51,51,51,26,41,23,21,21,16,15,12,45,501,101,11,16
472,Helloween,Helloween,,,,,,,,,93.60,20,,0,501,501,201,201,101,101,101,101,101,85,81,71,71,71,70,51,51,51,51,51,26,41,23,21,21,16,15,12,45,501,101,11,16
473,The Kinks,Low Budget,,,,,,,,,93.60,20,,0,501,501,201,201,101,101,101,101,101,85,81,71,71,71,70,51,51,51,51,51,26,41,23,21,21,16,15,12,45,501,101,11,16
474,Melvins,Ozma,,,,,,,,,93.60,20,,0,501,501,201,201,101,101,101,101,101,85,81,71,71,71,70,51,51,51,51,51,26,41,23,21,21,16,15,12,45,501,101,11,16
475,Status Quo,Quo,,,,,,,,,93.60,20,,0,501,501,201,201,101,101,101,101,101,85,81,71,71,71,70,51,51,51,51,51,26,41,23,21,21,16,15,12,45,501,101,11,16
476,Sepultura,Schizophrenia,,,,,,,,,93.60,20,,0,501,501,201,201,101,101,101,101,101,85,81,71,71,71,70,51,51,51,51,51,26,41,23,21,21,16,15,12,45,501,101,11,16
477,Death,Spiritual Healing,,,,,,,,,93.60,20,,0,501,501,201,201,101,101,101,101,101,85,81,71,71,71,70,51,51,51,51,51,26,41,23,21,21,16,15,12,45,501,101,11,16
478,The Groundhogs,Split,,,,,,,,,93.60,20,,0,501,501,201,201,101,101,101,101,101,85,81,71,71,71,70,51,51,51,51,51,26,41,23,21,21,16,15,12,45,501,101,11,16
479,Budgie,Squawk,,,,,,,,,93.60,20,,0,501,501,201,201,101,101,101,101,101,85,81,71,71,71,70,51,51,51,51,51,26,41,23,21,21,16,15,12,45,501,101,11,16
480,Helmet,Strap It On,,,,,,,,,93.60,20,,0,501,501,201,201,101,101,101,101,101,85,81,71,71,71,70,51,51,51,51,51,26,41,23,21,21,16,15,12,45,501,101,11,16
481,Celtic Frost,Vanity/Nemesis,,,,,,,,,93.60,20,,0,501,501,201,201,101,101,101,101,101,85,81,71,71,71,70,51,51,51,51,51,26,41,23,21,21,16,15,12,45,501,101,11,16
482,Grave Digger,Witch Hunter,,,,,,,,,93.60,20,,0,501,501,201,201,101,101,101,101,101,85,81,71,71,71,70,51,51,51,51,51,26,41,23,21,21,16,15,12,45,501,101,11,16
483,Whitesnake,Ready an' Willing,,,,,,,,,93.60,40,,0,501,501,201,201,101,81,101,101,101,85,81,71,71,71,70,51,51,51,51,51,26,41,23,21,21,16,15,12,45,501,101,11,16
484,Guns N Roses,Lies,,,,,,,,,93.60,25,,-5,501,501,201,201,101,101,101,101,101,85,81,71,71,71,70,51,51,51,51,51,26,41,23,21,21,16,15,12,45,501,101,11,16
485,Status Quo,If You Cant Stand the Heat…,,,,,,,,,93.60,20,,0,501,501,201,201,101,101,101,101,101,85,81,71,71,71,70,51,51,51,51,51,26,41,23,21,21,16,15,12,45,501,101,11,16
486,Status Quo,Piledriver,,,,,,,,,93.60,20,,0,501,501,201,201,101,101,101,101,101,85,81,71,71,71,70,51,51,51,51,51,26,41,23,21,21,16,15,12,45,501,101,11,16
487,Starz,Violation,,,,,,,,,93.70,40,,0,501,501,201,201,101,84,101,101,101,85,81,71,71,71,70,51,51,51,51,51,26,41,23,21,21,16,15,12,45,501,101,11,16
488,Black Flag,My War,,,,,,,,,93.73,50,,0,501,501,201,201,101,101,101,101,101,85,81,71,71,71,70,51,51,25,51,51,26,41,23,21,21,16,15,12,45,501,101,11,16
489,Sanctuary,Into the Mirror Black,,,,,,,,,93.74,100,100,0,437,501,201,183,101,101,101,101,101,85,81,71,71,71,70,51,51,51,51,51,26,41,23,21,21,16,15,12,45,501,101,11,16
490,Living Colour,Time's Up,,,,,,,,,93.77,25,,0,501,501,201,201,101,101,101,101,101,85,81,71,71,71,70,51,51,51,51,51,26,41,23,21,21,16,15,12,45,501,101,11,16
491,Motley Crue,"Girls, Girls, Girls",,,,,,,,,93.80,30,,-4,501,501,201,201,101,101,101,101,101,85,81,71,71,71,70,51,51,51,51,51,26,41,23,21,21,16,15,12,45,356,101,11,16
492,Boston,Don't Look Back,,,,,,,,,93.80,33,,-7,501,501,201,201,101,101,101,101,101,85,81,71,71,71,70,51,51,51,51,51,26,41,23,21,21,16,15,12,45,501,101,11,16
493,Rainbow,Down to Earth,,,,,,,,,93.80,40,,0,487,501,201,201,101,101,101,101,101,85,81,71,71,71,70,51,51,51,51,51,26,41,23,21,21,16,15,12,45,501,101,11,16
494,Whitesnake,Lovehunter,,,,,,,,,93.80,40,,0,501,501,201,201,101,101,101,101,101,85,81,57,71,71,70,51,51,51,51,51,26,41,23,21,21,16,15,12,45,501,101,11,16
495,Soundgarden,Ultra Omega OK,,,,,,,,,93.83,27,,0,501,501,201,201,101,101,101,101,101,85,81,71,71,71,70,51,51,51,51,51,26,41,23,21,21,16,15,12,45,501,101,11,16
496,Suicidal Tendencies,"Lights, Camera…Revolution",,,,,,,,,93.90,20,,9,501,501,201,201,101,101,101,101,101,85,81,71,71,71,70,51,51,51,51,51,26,41,23,21,21,16,15,12,45,229,101,11,16
497,Necrophagia,Season of the Dead,,,,,,,,,93.90,100,23,0,501,501,201,201,101,101,101,101,101,85,81,71,71,71,70,51,51,51,51,51,26,41,23,21,21,16,15,12,45,501,29,11,16
498,Blue Oyster Cult,Spectres,,,,,,,,,93.93,30,,0,501,501,201,201,101,101,101,101,101,85,81,71,71,71,70,51,51,51,51,51,26,41,23,21,21,16,15,12,45,269,101,11,16
499,Thin Lizzy,Bad Reputation,,,,,,,,,93.93,30,,0,501,501,201,201,101,101,101,101,101,85,81,71,71,71,70,51,51,51,51,51,26,41,23,21,21,16,15,12,45,501,101,11,16
500,Saxon,Crusader,,,,,,,,,93.93,30,,0,501,501,201,201,101,101,101,101,101,85,81,71,71,71,70,51,51,51,51,51,26,41,23,21,21,16,15,12,45,501,101,11,16
501,Elf,Elf,,,,,,,,,93.93,30,,0,501,501,201,201,101,101,101,101,101,85,81,71,71,71,70,51,51,51,51,51,26,41,23,21,21,16,15,12,45,501,101,11,16
502,Saint Vitus,Hallowès Victim,,,,,,,,,93.93,30,,0,501,501,201,201,101,101,101,101,101,85,81,71,71,71,70,51,51,51,51,51,26,41,23,21,21,16,15,12,45,501,101,11,16
503,Shotgun Messiah,Shotgun Messiah,,,,,,,,,93.93,30,,0,501,501,201,201,101,101,101,101,101,85,81,71,71,71,70,51,51,51,51,51,26,41,23,21,21,16,15,12,45,501,101,11,16
504,Satan,Suspended Sentence,,,,,,,,,93.93,30,,0,501,501,201,201,101,101,101,101,101,85,81,71,71,71,70,51,51,51,51,51,26,41,23,21,21,16,15,12,45,501,101,11,16
505,Bathory,The Return of the Darkness and the Evil,,,,,,,,,93.93,30,,0,501,501,201,201,101,101,101,101,101,85,81,71,71,71,70,51,51,51,51,51,26,41,23,21,21,16,15,12,45,501,101,11,16
506,Rush,Signals,,,,,,,,,93.93,40,,-1,492,501,201,201,101,101,101,101,101,85,81,71,71,71,70,51,51,51,51,51,26,41,23,21,21,16,15,12,45,501,101,11,16
507,Thin Lizzy,Fighting,,,,,,,,,93.93,30,,0,501,501,201,201,101,101,101,101,101,85,81,71,71,71,70,51,51,51,51,51,26,41,23,21,21,16,15,12,45,501,101,11,16
508,Accept,Russian Roulette,,,,,,,,,93.97,50,,0,482,501,201,201,101,101,101,101,101,85,81,71,71,71,70,51,51,51,51,51,26,41,23,21,21,16,15,12,45,501,101,11,16
509,Led Zeppelin,In Through The Out Door,,,,,,,,,93.97,37,,-6,501,501,201,201,101,101,101,101,101,85,81,71,71,71,70,51,51,51,51,51,26,41,23,21,21,16,15,12,45,501,101,11,16
510,Bolt Thrower,Realm of Chaos,,,,,,,,,94.03,50,,0,501,484,201,201,101,101,101,101,101,85,81,71,71,71,70,51,51,51,51,51,26,41,23,21,21,16,15,12,45,501,101,11,16
511,Vandenburg,Vandenburg,,,,,,,,,94.03,100,,0,434,501,201,201,101,101,101,101,101,85,81,71,71,71,70,51,51,51,51,51,26,41,23,21,21,16,15,12,45,501,101,11,16
512,Starz,Starz,,,,,,,,,94.03,40,,0,501,501,201,201,101,94,101,101,101,85,81,71,71,71,70,51,51,51,51,51,26,41,23,21,21,16,15,12,45,501,101,11,16
513,Journey,Frontiers,,,,,,,,,94.07,40,,-6,501,501,201,201,101,101,101,101,101,85,81,71,71,71,70,51,51,51,51,51,26,41,23,21,21,16,15,12,45,501,101,11,16
514,ZZ Top,Afterburner,,,,,,,,,94.10,40,,-5,501,501,201,201,101,101,101,101,101,85,81,71,71,71,70,51,51,51,51,51,26,41,23,21,21,16,15,12,45,501,101,11,16
515,Carcass,Reek of Putrefication,,,,,,,,,94.13,35,,0,501,501,201,201,101,101,101,101,101,85,81,71,71,71,71,51,51,51,51,51,26,41,23,21,21,16,15,12,45,501,8,11,16
516,Legs Diamond,Legs Diamond,,,,,,,,,94.19,100,100,0,501,501,201,201,101,33,101,101,101,85,81,71,71,71,70,51,51,51,51,51,26,41,23,21,21,16,15,12,45,501,101,11,16
517,Poison,Flesh and Blood,,,,,,,,,94.20,41,,-3,501,501,201,201,101,101,101,101,101,85,81,71,71,71,70,51,51,51,51,51,26,41,23,21,21,16,15,12,45,501,101,11,16
518,Alice Cooper,Trash,,,,,,,,,94.23,40,,-1,501,501,201,201,101,101,101,101,101,85,81,71,71,71,70,51,51,51,51,51,26,41,23,21,21,16,15,12,45,419,101,11,16
519,AC/DC,Blow Up Your Video,,,,,,,,,94.23,40,,-1,501,501,201,201,101,101,101,101,101,85,81,71,71,71,70,51,51,51,51,51,26,41,23,21,21,16,15,12,45,501,101,11,16
520,X Japan,Blue Blood,,,,,,,,,94.23,39,,0,501,501,201,201,101,101,101,101,101,85,81,71,71,71,70,51,51,51,51,51,26,41,23,21,21,16,15,12,45,501,101,11,16
521,Candlemass,Ancient Dreams,,,,,,,,,94.27,40,,0,501,501,201,201,101,101,101,101,101,85,81,71,71,71,70,51,51,51,51,51,26,41,23,21,21,16,15,12,45,501,101,11,16
522,Blind Guardian,Follow the Blind,,,,,,,,,94.27,40,,0,501,501,201,201,101,101,101,101,101,85,81,71,71,71,70,51,51,51,51,51,26,41,23,21,21,16,15,12,45,501,101,11,16
523,Witchfinder General,Friends of Hell,,,,,,,,,94.27,40,,0,501,501,201,201,101,101,101,101,101,85,81,71,71,71,70,51,51,51,51,51,26,41,23,21,21,16,15,12,45,501,101,11,16
524,Venom,Possessed,,,,,,,,,94.27,40,,0,501,501,201,201,101,101,101,101,101,85,81,71,71,71,70,51,51,51,51,51,26,41,23,21,21,16,15,12,45,501,101,11,16
525,Bad Brains,Quickness,,,,,,,,,94.27,40,,0,501,501,201,201,101,101,101,101,101,85,81,71,71,71,70,51,51,51,51,51,26,41,23,21,21,16,15,12,45,501,101,11,16
526,Van Halen,Diver Down,,,,,,,,,94.30,45,,-4,501,501,201,201,101,101,101,101,101,85,81,71,71,71,70,51,51,51,51,51,26,41,23,21,21,16,15,12,45,501,101,11,16
527,Holocaust,The Nightcomers,,,,,,,,,94.35,100,40,0,498,501,201,201,101,101,101,101,101,85,81,71,71,71,70,51,51,51,51,51,26,41,23,21,21,16,15,12,45,398,101,11,16
528,Heathen,Victims of Deception,,,,,,,,,94.37,100,,0,501,444,201,201,101,101,101,101,101,85,81,71,71,71,70,51,51,51,51,51,26,41,23,21,21,16,15,12,45,501,101,11,16
529,White Zombie,Make Them Die Slowly,,,,,,,,,94.43,45,,0,501,501,201,201,101,101,101,101,101,85,81,71,71,71,70,51,51,51,51,51,26,41,23,21,21,16,15,12,45,501,101,11,16
530,Poison,Open Up and Say …Ahh!,,,,,,,,,94.43,50,,-5,501,501,201,201,101,101,101,101,101,85,81,71,71,71,70,51,51,51,51,51,26,41,23,21,21,16,15,12,45,501,101,11,16
531,Voivod,Rrroooaaarrr,,,,,,,,,94.43,45,,0,501,501,201,201,101,101,101,101,101,85,81,71,71,71,70,51,51,51,51,51,26,41,23,21,21,16,15,12,45,501,101,11,16
532,Y&T,Black Tiger,,,,,,,,,94.57,50,,0,500,501,201,201,101,101,101,101,101,85,81,71,71,71,70,51,51,51,51,51,26,41,23,21,21,16,15,12,45,501,101,11,16
533,Blind Guardian,Battalions of Fear,,,,,,,,,94.60,50,,0,501,501,201,201,101,101,101,101,101,85,81,71,71,71,70,51,51,51,51,51,26,41,23,21,21,16,15,12,45,501,101,11,16
534,Possessed,Beynd the Gates,,,,,,,,,94.60,50,,0,501,501,201,201,101,101,101,101,101,85,81,71,71,71,70,51,51,51,51,51,26,41,23,21,21,16,15,12,45,501,101,11,16
535,Cannibal Corpse,Eaten Back to Life,,,,,,,,,94.60,50,,0,501,501,201,201,101,101,101,101,101,85,81,71,71,71,70,51,51,51,51,51,26,41,23,21,21,16,15,12,45,501,101,11,16
536,Kreator,Endless Pain,,,,,,,,,94.60,50,,0,501,501,201,201,101,101,101,101,101,85,81,71,71,71,70,51,51,51,51,51,26,41,23,21,21,16,15,12,45,501,101,11,16
537,Pantera,I Am the Night,,,,,,,,,94.60,50,,0,501,501,201,201,101,101,101,101,101,85,81,71,71,71,70,51,51,51,51,51,26,41,23,21,21,16,15,12,45,501,101,11,16
538,Bolt Thrower,In Battle There is No Law!,,,,,,,,,94.60,50,,0,501,501,201,201,101,101,101,101,101,85,81,71,71,71,70,51,51,51,51,51,26,41,23,21,21,16,15,12,45,501,101,11,16
539,Dio,Lock Up the Wolves,,,,,,,,,94.60,50,,0,501,501,201,201,101,101,101,101,101,85,81,71,71,71,70,51,51,51,51,51,26,41,23,21,21,16,15,12,45,501,101,11,16
540,Pink Cream 69,Pink Cream 69,,,,,,,,,94.60,50,,0,501,501,201,201,101,101,101,101,101,85,81,71,71,71,70,51,51,51,51,51,26,41,23,21,21,16,15,12,45,501,101,11,16
541,Pantera,Power Metal,,,,,,,,,94.60,50,,0,501,501,201,201,101,101,101,101,101,85,81,71,71,71,70,51,51,51,51,51,26,41,23,21,21,16,15,12,45,501,101,11,16
542,Pantera,Projects in the Jungle,,,,,,,,,94.60,50,,0,501,501,201,201,101,101,101,101,101,85,81,71,71,71,70,51,51,51,51,51,26,41,23,21,21,16,15,12,45,501,101,11,16
543,Pentagram,Relentless,,,,,,,,,94.60,50,,0,501,501,201,201,101,101,101,101,101,85,81,71,71,71,70,51,51,51,51,51,26,41,23,21,21,16,15,12,45,501,101,11,16
544,Cacophony,Speed Metal Symphony,,,,,,,,,94.60,50,,0,501,501,201,201,101,101,101,101,101,85,81,71,71,71,70,51,51,51,51,51,26,41,23,21,21,16,15,12,45,501,101,11,16
545,Candlemass,Tales of Creation,,,,,,,,,94.60,50,,0,501,501,201,201,101,101,101,101,101,85,81,71,71,71,70,51,51,51,51,51,26,41,23,21,21,16,15,12,45,501,101,11,16
546,Viscious Rumors,Welcome to the Ball,,,,,,,,,94.60,100,,9,501,501,201,201,101,101,101,101,101,26,81,71,71,71,70,51,51,51,51,51,26,41,23,21,21,16,15,12,45,501,101,11,16
547,Van Halen,For Unlawful Carnal Knowledge,,,,,,,,,94.60,53,,-3,501,501,201,201,101,101,101,101,101,85,81,71,71,71,70,51,51,51,51,51,26,41,23,21,21,16,15,12,45,501,101,11,16
548,Razor,Executioner's Song,,,,,,,,,94.61,100,100,0,501,446,201,201,101,101,101,101,101,85,81,71,71,71,70,51,51,51,51,51,26,41,23,21,21,16,15,12,45,501,101,11,16
549,Boston,Third Stage,,,,,,,,,94.63,55,,-4,501,501,201,201,101,101,101,101,101,85,81,71,71,71,70,51,51,51,51,51,26,41,23,21,21,16,15,12,45,501,101,11,16
550,AC/DC,Flick of the Switch,,,,,,,,,94.73,55,,-1,501,501,201,201,101,101,101,101,101,85,81,71,71,71,70,51,51,51,51,51,26,41,23,21,21,16,15,12,45,501,101,11,16
551,AC/DC,Fly on the Wall,,,,,,,,,94.73,55,,-1,501,501,201,201,101,101,101,101,101,85,81,71,71,71,70,51,51,51,51,51,26,41,23,21,21,16,15,12,45,501,101,11,16
552,Y&T,Mean Streak,,,,,,,,,94.77,50,100,0,501,501,201,201,101,101,101,101,101,85,81,71,71,71,70,51,51,51,51,51,26,41,23,21,21,16,15,12,45,392,101,11,16
553,Black Sabbath,Seventh Star,,,,,,,,,94.90,59,,0,501,501,201,201,101,101,101,101,101,85,81,71,71,71,70,51,51,51,51,51,26,41,23,21,21,16,15,12,45,501,101,11,16
554,Venom,Calm Before the Storm,,,,,,,,,94.93,60,,0,501,501,201,201,101,101,101,101,101,85,81,71,71,71,70,51,51,51,51,51,26,41,23,21,21,16,15,12,45,501,101,11,16
555,Accept,I'm a Rebel,,,,,,,,,94.93,60,,0,501,501,201,201,101,101,101,101,101,85,81,71,71,71,70,51,51,51,51,51,26,41,23,21,21,16,15,12,45,501,101,11,16
556,Paradise Lost,Lost Paradise,,,,,,,,,94.93,60,,0,501,501,201,201,101,101,101,101,101,85,81,71,71,71,70,51,51,51,51,51,26,41,23,21,21,16,15,12,45,501,101,11,16
557,Fates,Night on Brocken,,,,,,,,,94.93,60,,0,501,501,201,201,101,101,101,101,101,85,81,71,71,71,70,51,51,51,51,51,26,41,23,21,21,16,15,12,45,501,101,11,16
558,Motörhead,Rock 'n' Roll,,,,,,,,,94.93,60,,0,501,501,201,201,101,101,101,101,101,85,81,71,71,71,70,51,51,51,51,51,26,41,23,21,21,16,15,12,45,501,101,11,16
559,Saxon,Rock the Nations,,,,,,,,,94.93,60,,0,501,501,201,201,101,101,101,101,101,85,81,71,71,71,70,51,51,51,51,51,26,41,23,21,21,16,15,12,45,501,101,11,16
560,Tiamat,Sumerian Cry,,,,,,,,,94.93,60,,0,501,501,201,201,101,101,101,101,101,85,81,71,71,71,70,51,51,51,51,51,26,41,23,21,21,16,15,12,45,501,101,11,16
561,Black Sabbath,The Eternal Idol,,,,,,,,,94.93,60,,0,501,501,201,201,101,101,101,101,101,85,81,71,71,71,70,51,51,51,51,51,26,41,23,21,21,16,15,12,45,501,101,11,16
562,Trouble,The Skull,,,,,,,,,94.93,60,,0,501,501,201,201,101,101,101,101,101,85,81,71,71,71,70,51,51,51,51,51,26,41,23,21,21,16,15,12,45,501,101,11,16
563,Black Sabbath,Tyr,,,,,,,,,94.93,60,,0,501,501,201,201,101,101,101,101,101,85,81,71,71,71,70,51,51,51,51,51,26,41,23,21,21,16,15,12,45,501,101,11,16
564,Angel,Angel,,,,,,,,,95.00,100,,0,501,501,201,201,101,63,101,101,101,85,81,71,71,71,70,51,51,51,51,51,26,41,23,21,21,16,15,12,45,344,101,11,16
565,Aerosmith,Night in the Ruts,,,,,,,,,95.07,65,,-1,501,501,201,201,101,101,101,101,101,85,81,71,71,71,70,51,51,51,51,51,26,41,23,21,21,16,15,12,45,501,101,11,16
566,Kiss,Asylum,,,,,,,,,95.10,65,,0,501,501,201,201,101,101,101,101,101,85,81,71,71,71,70,51,51,51,51,51,26,41,23,21,21,16,15,12,45,501,101,11,16
567,Black Sabbath,Never Say Die,,,,,,,,,95.10,65,,0,501,501,201,201,101,101,101,101,101,85,81,71,71,71,70,51,51,51,51,51,26,41,23,21,21,16,15,12,45,501,101,11,16
568,Dio,Sacred Heart,,,,,,,,,95.10,65,,0,501,501,201,201,101,101,101,101,101,85,81,71,71,71,70,51,51,51,51,51,26,41,23,21,21,16,15,12,45,501,101,11,16
569,Accept,Accept,,,,,,,,,95.27,70,,0,501,501,201,201,101,101,101,101,101,85,81,71,71,71,70,51,51,51,51,51,26,41,23,21,21,16,15,12,45,501,101,11,16
570,Kiss,Animalize,,,,,,,,,95.27,70,,0,501,501,201,201,101,101,101,101,101,85,81,71,71,71,70,51,51,51,51,51,26,41,23,21,21,16,15,12,45,501,101,11,16
571,Kiss,Hot in the Shade,,,,,,,,,95.27,70,,0,501,501,201,201,101,101,101,101,101,85,81,71,71,71,70,51,51,51,51,51,26,41,23,21,21,16,15,12,45,501,101,11,16
572,Pantera,Metal Magic,,,,,,,,,95.27,70,,0,501,501,201,201,101,101,101,101,101,85,81,71,71,71,70,51,51,51,51,51,26,41,23,21,21,16,15,12,45,501,101,11,16
573,Blue Oyster Cult,Some Enchanted Evening,,,,,,,,,95.30,100,,0,501,501,201,201,101,72,101,101,101,85,81,71,71,71,70,51,51,51,51,51,26,41,23,21,21,16,15,12,45,501,101,11,16
574,Mountain,Mountain,,,,,,,,,95.33,100,,0,501,501,201,201,101,101,73,101,101,85,81,71,71,71,70,51,51,51,51,51,26,41,23,21,21,16,15,12,45,501,101,11,16
575,Blasphemy,Fallen Angel of Doom,,,,,,,,,95.40,100,,0,501,501,201,201,101,101,101,101,101,85,81,71,71,71,70,51,51,25,51,51,26,41,23,21,21,16,15,12,45,501,101,11,16
576,Minor Threat,Filler,,,,,,,,,95.40,100,,0,501,501,201,201,101,101,101,101,101,85,81,71,71,71,70,51,51,25,51,51,26,41,23,21,21,16,15,12,45,501,101,11,16
577,Kiss,Crazy Nights,,,,,,,,,95.47,76,,0,501,501,201,201,101,101,101,101,101,85,81,71,71,71,70,51,51,51,51,51,26,41,23,21,21,16,15,12,45,501,101,11,16
578,Magnum,On A Story Tellers Night,,,,,,,,,95.47,100,,0,501,501,201,201,101,77,101,101,101,85,81,71,71,71,70,51,51,51,51,51,26,41,23,21,21,16,15,12,45,501,101,11,16
579,Kick Axe,Vices,,,,,,,,,95.50,100,,0,478,501,201,201,101,101,101,101,101,85,81,71,71,71,70,51,51,51,51,51,26,41,23,21,21,16,15,12,45,501,101,11,16
580,Holy Terror,Terror and Submission,,,,,,,,,95.82,100,,0,501,501,201,201,101,101,101,101,101,85,81,71,71,71,70,51,51,51,51,51,12.5,41,23,21,21,16,15,12,45,501,101,11,16
581,Dream Death,Journey Into Mystery,,,,,,,,,95.82,100,,0,501,501,201,201,101,101,101,101,101,85,81,71,71,71,70,51,51,51,51,51,12.5,41,23,21,21,16,15,12,45,501,101,11,16
582,Mother's Finest,Iron Age,,,,,,,,,95.90,100,,0,501,501,201,201,101,90,101,101,101,85,81,71,71,71,70,51,51,51,51,51,26,41,23,21,21,16,15,12,45,501,101,11,16
583,Nuclear Assault,Survive,,,,,,,,,96.00,100,,0,501,501,201,201,101,101,101,101,101,85,81,71,71,71,70,51,51,51,51,51,26,41,23,21,13,16,15,12,45,501,101,11,16
584,Riot,Narita,,,,,,,,,96.13,100,,0,497,501,201,201,101,101,101,101,101,85,81,71,71,71,70,51,51,51,51,51,26,41,23,21,21,16,15,12,45,501,101,11,16
585,Sir Lord Baltimore,Sir Lord Baltimore,,,,,,,,,96.17,100,,0,501,501,201,201,101,101,101,101,101,85,81,68,71,71,70,51,51,51,51,51,26,41,23,21,21,16,15,12,45,501,101,11,16
586,UFO,Phenomenon,,,,,,,,,96.20,100,,0,501,501,201,201,101,101,101,101,101,85,81,69,71,71,70,51,51,51,51,51,26,41,23,21,21,16,15,12,45,96,101,11,16
587,Savage,Loose n' Lethal,,,,,,,,,96.20,100,,0,499,501,201,201,101,101,101,101,101,85,81,71,71,71,70,51,51,51,51,51,26,41,23,21,21,16,15,12,45,501,101,11,16
588,Slaughter,Stick It to Ya,,,,,,,,,96.20,100,,-2,501,501,201,201,101,101,101,101,101,85,81,71,71,71,70,51,51,51,51,51,26,41,23,21,21,16,15,12,45,501,101,11,16
589,Vinnie Vincent Invasion,Vinnie Vincent Invasion,,,,,,,,,96.23,100,,0,501,501,201,201,101,100,101,101,101,85,81,71,71,71,70,51,51,51,51,51,26,41,23,21,21,16,15,12,45,501,101,11,16
590,The Misfits,Earth A.D.,,,,,,,,,96.23,100,,0,501,501,201,201,101,101,101,101,101,85,81,71,71,71,69,51,51,51,51,51,26,41,23,21,21,16,15,12,45,501,101,11,16
591,Black Death,Black Death,,,,,,,,,96.27,100,,0,501,501,201,201,101,101,101,101,101,85,81,71,71,71,70,51,51,51,51,51,26,41,23,21,21,16,15,12,45,501,47,11,16
592,Manilla Road,Open the Gates,,,,,,,,,96.27,100,,0,501,501,201,201,101,101,101,101,101,85,81,71,71,71,70,51,51,51,51,51,26,41,23,21,21,16,15,12,45,501,56,11,16
593,Anvil,Forged in Fire,,,,,,,,,96.27,100,,0,501,501,201,201,101,101,101,101,101,85,81,71,71,71,70,51,51,51,51,51,26,41,23,21,21,16,15,12,45,501,101,11,16
594,Anvil,Hard 'n' Heavy,,,,,,,,,96.27,100,,0,501,501,201,201,101,101,101,101,101,85,81,71,71,71,70,51,51,51,51,51,26,41,23,21,21,16,15,12,45,501,101,11,16
595,Winter,Into Darkness,,,,,,,,,96.27,100,,0,501,501,201,201,101,101,101,101,101,85,81,71,71,71,70,51,51,51,51,51,26,41,23,21,21,16,15,12,45,501,101,11,16
596,Iggy Pop,Kill City,,,,,,,,,96.93,20,,0,501,501,201,201,201,101,101,101,101,85,81,71,71,71,70,51,51,51,51,51,26,41,23,21,21,16,15,12,45,501,101,11,16
597,Loudness,The Law of Devil's Land,,,,,,,,,96.93,20,,0,501,501,201,201,201,101,101,101,101,85,81,71,71,71,70,51,51,51,51,51,26,41,23,21,21,16,15,12,45,501,101,11,16